-- phpMyAdmin SQL Dump
-- version 5.2.1
-- https://www.phpmyadmin.net/
--
-- Servidor: 127.0.0.1:3307
-- Tiempo de generación: 07-11-2025 a las 19:03:24
-- Versión del servidor: 10.4.32-MariaDB
-- Versión de PHP: 8.2.12

SET SQL_MODE = "NO_AUTO_VALUE_ON_ZERO";
START TRANSACTION;
SET time_zone = "+00:00";


/*!40101 SET @OLD_CHARACTER_SET_CLIENT=@@CHARACTER_SET_CLIENT */;
/*!40101 SET @OLD_CHARACTER_SET_RESULTS=@@CHARACTER_SET_RESULTS */;
/*!40101 SET @OLD_COLLATION_CONNECTION=@@COLLATION_CONNECTION */;
/*!40101 SET NAMES utf8mb4 */;

--
-- Base de datos: `ad`
--

-- --------------------------------------------------------

--
-- Estructura de tabla para la tabla `categorias`
--

CREATE TABLE `categorias` (
  `id` int(11) NOT NULL,
  `nombre` varchar(100) NOT NULL
) ENGINE=InnoDB DEFAULT CHARSET=utf8mb4 COLLATE=utf8mb4_general_ci;

--
-- Volcado de datos para la tabla `categorias`
--

INSERT INTO `categorias` (`id`, `nombre`) VALUES
(5, 'Alimentación'),
(6, 'Deportes'),
(1, 'Electrónica'),
(4, 'Hogar'),
(3, 'Informática'),
(7, 'Juguetes'),
(8, 'Libros'),
(2, 'Ropa');

-- --------------------------------------------------------

--
-- Estructura de tabla para la tabla `inventario`
--

CREATE TABLE `inventario` (
  `id_producto` int(4) DEFAULT NULL,
  `nombre` varchar(20) DEFAULT NULL,
  `categoria` varchar(12) DEFAULT NULL,
  `precio` decimal(6,2) DEFAULT NULL,
  `stock` int(3) DEFAULT NULL
) ENGINE=InnoDB DEFAULT CHARSET=utf8 COLLATE=utf8_general_ci;

--
-- Volcado de datos para la tabla `inventario`
--

INSERT INTO `inventario` (`id_producto`, `nombre`, `categoria`, `precio`, `stock`) VALUES
(1, 'Auriculares 212', 'Electrónica', 1322.25, 423),
(2, 'Gorra 629', 'Ropa', 745.71, 116),
(3, 'Portátil 670', 'Informática', 1082.42, 261),
(4, 'Zapatos 881', 'Ropa', 1011.90, 151),
(5, 'Altavoz 997', 'Electrónica', 1103.48, 392),
(6, 'Cojín 339', 'Hogar', 96.31, 306),
(7, 'Gorra 892', 'Ropa', 227.31, 364),
(8, 'Leche 929', 'Alimentación', 1168.64, 233),
(9, 'Bufanda 573', 'Ropa', 1303.72, 156),
(10, 'Cereal 576', 'Alimentación', 1489.93, 461),
(11, 'Ratón 873', 'Informática', 747.53, 347),
(12, 'Café 278', 'Alimentación', 602.67, 113),
(13, 'Arroz 879', 'Alimentación', 409.27, 224),
(14, 'Portátil 733', 'Informática', 691.92, 487),
(15, 'Bicicleta 367', 'Deportes', 1053.87, 191),
(16, 'Impresora 599', 'Informática', 364.67, 172),
(17, 'Impresora 255', 'Informática', 444.00, 85),
(18, 'Bufanda 578', 'Ropa', 248.34, 11),
(19, 'Café 443', 'Alimentación', 755.43, 234),
(20, 'Bufanda 120', 'Ropa', 567.54, 3),
(21, 'Ratón 681', 'Informática', 1470.86, 424),
(22, 'Camiseta 678', 'Ropa', 481.11, 202),
(23, 'Raqueta 173', 'Deportes', 1251.60, 154),
(24, 'Raqueta 621', 'Deportes', 724.75, 272),
(25, 'Smartphone 615', 'Electrónica', 1158.70, 219),
(26, 'Lego 368', 'Juguetes', 1196.89, 322),
(27, 'Biografía 488', 'Libros', 224.56, 26),
(28, 'Pelota 599', 'Juguetes', 1001.27, 258),
(29, 'Lámpara 699', 'Hogar', 745.34, 82),
(30, 'Arroz 218', 'Alimentación', 987.39, 338),
(31, 'Mesa 335', 'Hogar', 134.96, 58),
(32, 'Puzzle 667', 'Juguetes', 651.47, 425),
(33, 'Coche de juguete 745', 'Juguetes', 292.29, 353),
(34, 'Aceite 870', 'Alimentación', 848.63, 306),
(35, 'Camiseta 464', 'Ropa', 532.56, 38),
(36, 'Gorra 727', 'Ropa', 403.64, 263),
(37, 'Leche 363', 'Alimentación', 1257.21, 470),
(38, 'Teclado 218', 'Informática', 389.44, 185),
(39, 'Portátil 116', 'Informática', 1020.97, 240),
(40, 'Bicicleta 409', 'Deportes', 1495.10, 230),
(41, 'Cámara 430', 'Electrónica', 551.66, 347),
(42, 'Disco Duro 523', 'Informática', 986.72, 286),
(43, 'Teclado 680', 'Informática', 1067.47, 281),
(44, 'Auriculares 810', 'Electrónica', 1435.01, 364),
(45, 'Novela 832', 'Libros', 437.62, 378),
(46, 'Cojín 333', 'Hogar', 646.99, 374),
(47, 'Disco Duro 589', 'Informática', 1148.90, 184),
(48, 'Lámpara 613', 'Hogar', 1285.56, 283),
(49, 'Camiseta 839', 'Ropa', 915.94, 468),
(50, 'Cojín 803', 'Hogar', 1370.14, 193),
(51, 'Monitor 417', 'Informática', 637.32, 342),
(52, 'Teclado 330', 'Informática', 1292.57, 266),
(53, 'Armario 176', 'Hogar', 891.25, 423),
(54, 'Disco Duro 759', 'Informática', 583.88, 26),
(55, 'Cómic 516', 'Libros', 1248.26, 466),
(56, 'Monitor 565', 'Informática', 1334.53, 315),
(57, 'Lámpara 269', 'Hogar', 1374.18, 406),
(58, 'Cinta de correr 812', 'Deportes', 436.58, 371),
(59, 'Portátil 113', 'Informática', 210.12, 431),
(60, 'Cereal 599', 'Alimentación', 1146.37, 216),
(61, 'Pesas 379', 'Deportes', 693.52, 216),
(62, 'Auriculares 792', 'Electrónica', 1316.24, 286),
(63, 'Teclado 941', 'Informática', 92.34, 158),
(64, 'Gorra 271', 'Ropa', 1186.80, 469),
(65, 'Monitor 383', 'Informática', 650.59, 40),
(66, 'Pasta 605', 'Alimentación', 322.80, 232),
(67, 'Cámara 906', 'Electrónica', 44.28, 359),
(68, 'Cereal 238', 'Alimentación', 187.25, 47),
(69, 'Raqueta 172', 'Deportes', 671.24, 257),
(70, 'Zapatos 998', 'Ropa', 1008.94, 62),
(71, 'Leche 223', 'Alimentación', 521.61, 267),
(72, 'Drone infantil 906', 'Juguetes', 165.59, 108),
(73, 'Camiseta 968', 'Ropa', 241.86, 43),
(74, 'Tablet 691', 'Electrónica', 599.56, 238),
(75, 'Diccionario 853', 'Libros', 1339.48, 213),
(76, 'Café 223', 'Alimentación', 497.38, 148),
(77, 'Novela 492', 'Libros', 831.63, 268),
(78, 'Disco Duro 159', 'Informática', 898.56, 276),
(79, 'Mesa 849', 'Hogar', 890.71, 324),
(80, 'Patines 680', 'Deportes', 904.29, 17),
(81, 'Gorra 683', 'Ropa', 924.65, 321),
(82, 'Café 601', 'Alimentación', 1471.97, 310),
(83, 'Televisor 461', 'Electrónica', 665.11, 494),
(84, 'Pasta 734', 'Alimentación', 505.48, 72),
(85, 'Mesa 868', 'Hogar', 75.18, 194),
(86, 'Balón 616', 'Deportes', 1197.22, 157),
(87, 'Gorra 308', 'Ropa', 211.16, 462),
(88, 'Arroz 975', 'Alimentación', 465.42, 348),
(89, 'Auriculares 788', 'Electrónica', 219.95, 99),
(90, 'Disco Duro 351', 'Informática', 1304.89, 213),
(91, 'Pesas 924', 'Deportes', 880.43, 192),
(92, 'Coche de juguete 285', 'Juguetes', 1497.36, 92),
(93, 'Novela 322', 'Libros', 1179.30, 115),
(94, 'Leche 342', 'Alimentación', 507.57, 96),
(95, 'Pesas 465', 'Deportes', 1263.89, 392),
(96, 'Mesa 910', 'Hogar', 1091.40, 375),
(97, 'Ensayo 245', 'Libros', 725.51, 254),
(98, 'Lego 895', 'Juguetes', 190.69, 242),
(99, 'Lámpara 605', 'Hogar', 310.96, 309),
(100, 'Impresora 170', 'Informática', 975.70, 480),
(101, 'Biografía 348', 'Libros', 597.91, 300),
(102, 'Cómic 770', 'Libros', 104.59, 277),
(103, 'Diccionario 356', 'Libros', 1062.24, 142),
(104, 'Auriculares 836', 'Electrónica', 219.55, 1),
(105, 'Ratón 933', 'Informática', 564.30, 286),
(106, 'Cereal 771', 'Alimentación', 1119.47, 94),
(107, 'Lámpara 111', 'Hogar', 311.21, 396),
(108, 'Muñeca 211', 'Juguetes', 1299.13, 226),
(109, 'Pesas 670', 'Deportes', 1427.54, 368),
(110, 'Ratón 303', 'Informática', 77.44, 247),
(111, 'Coche de juguete 648', 'Juguetes', 442.85, 127),
(112, 'Cama 664', 'Hogar', 1355.76, 77),
(113, 'Cinta de correr 523', 'Deportes', 405.96, 267),
(114, 'Raqueta 717', 'Deportes', 226.01, 13),
(115, 'Novela 207', 'Libros', 1161.21, 475),
(116, 'Monitor 896', 'Informática', 992.42, 199),
(117, 'Bicicleta 748', 'Deportes', 1290.28, 37),
(118, 'Disco Duro 105', 'Informática', 746.80, 54),
(119, 'Manual 858', 'Libros', 86.75, 186),
(120, 'Smartphone 983', 'Electrónica', 172.26, 200),
(121, 'Impresora 822', 'Informática', 54.19, 18),
(122, 'Ratón 324', 'Informática', 910.78, 287),
(123, 'Silla 625', 'Hogar', 424.02, 433),
(124, 'Tablet 919', 'Electrónica', 1452.81, 429),
(125, 'Silla 506', 'Hogar', 154.73, 253),
(126, 'Cinta de correr 557', 'Deportes', 485.63, 349),
(127, 'Auriculares 141', 'Electrónica', 530.73, 72),
(128, 'Tablet 996', 'Electrónica', 1213.62, 375),
(129, 'Cinta de correr 829', 'Deportes', 312.54, 406),
(130, 'Leche 378', 'Alimentación', 877.39, 264),
(131, 'Patines 648', 'Deportes', 72.15, 364),
(132, 'Impresora 881', 'Informática', 1171.45, 98),
(133, 'Novela 166', 'Libros', 1102.65, 113),
(134, 'Chaqueta 636', 'Ropa', 229.10, 171),
(135, 'Leche 272', 'Alimentación', 363.05, 491),
(136, 'Televisor 427', 'Electrónica', 851.69, 270),
(137, 'Diccionario 360', 'Libros', 662.46, 295),
(138, 'Coche de juguete 794', 'Juguetes', 503.25, 326),
(139, 'Café 848', 'Alimentación', 720.33, 386),
(140, 'Cámara 587', 'Electrónica', 691.92, 80),
(141, 'Chaqueta 799', 'Ropa', 86.08, 384),
(142, 'Manual 991', 'Libros', 895.96, 212),
(143, 'Leche 352', 'Alimentación', 130.70, 310),
(144, 'Balón 826', 'Deportes', 586.57, 472),
(145, 'Novela 633', 'Libros', 875.97, 187),
(146, 'Pantalón 389', 'Ropa', 460.78, 352),
(147, 'Aceite 789', 'Alimentación', 1350.83, 21),
(148, 'Bufanda 582', 'Ropa', 1316.77, 78),
(149, 'Ensayo 381', 'Libros', 1409.40, 429),
(150, 'Disco Duro 414', 'Informática', 519.90, 484),
(151, 'Chaqueta 801', 'Ropa', 816.33, 355),
(152, 'Lego 296', 'Juguetes', 1314.74, 159),
(153, 'Altavoz 128', 'Electrónica', 1459.01, 177),
(154, 'Lego 896', 'Juguetes', 315.50, 23),
(155, 'Portátil 866', 'Informática', 1156.85, 430),
(156, 'Café 545', 'Alimentación', 1019.52, 434),
(157, 'Ratón 592', 'Informática', 790.54, 92),
(158, 'Silla 346', 'Hogar', 145.38, 169),
(159, 'Tablet 585', 'Electrónica', 219.56, 272),
(160, 'Aceite 323', 'Alimentación', 668.19, 380),
(161, 'Mesa 638', 'Hogar', 346.77, 224),
(162, 'Mesa 384', 'Hogar', 265.91, 107),
(163, 'Cereal 478', 'Alimentación', 1099.20, 433),
(164, 'Ratón 112', 'Informática', 1136.84, 177),
(165, 'Disco Duro 515', 'Informática', 115.88, 405),
(166, 'Gorra 745', 'Ropa', 1121.02, 39),
(167, 'Pesas 271', 'Deportes', 1495.84, 437),
(168, 'Smartphone 243', 'Electrónica', 1267.80, 381),
(169, 'Cinta de correr 352', 'Deportes', 1162.79, 322),
(170, 'Mesa 437', 'Hogar', 359.59, 129),
(171, 'Camiseta 450', 'Ropa', 82.17, 99),
(172, 'Ensayo 334', 'Libros', 1195.59, 339),
(173, 'Biografía 872', 'Libros', 217.90, 90),
(174, 'Bicicleta 461', 'Deportes', 1454.38, 197),
(175, 'Aceite 849', 'Alimentación', 59.52, 4),
(176, 'Impresora 880', 'Informática', 1132.19, 358),
(177, 'Ratón 209', 'Informática', 205.94, 54),
(178, 'Cómic 238', 'Libros', 414.97, 62),
(179, 'Auriculares 406', 'Electrónica', 759.17, 79),
(180, 'Balón 813', 'Deportes', 326.80, 168),
(181, 'Diccionario 653', 'Libros', 1473.71, 320),
(182, 'Monitor 461', 'Informática', 22.40, 30),
(183, 'Camiseta 275', 'Ropa', 768.26, 141),
(184, 'Impresora 767', 'Informática', 489.86, 428),
(185, 'Café 730', 'Alimentación', 899.76, 62),
(186, 'Auriculares 730', 'Electrónica', 550.43, 42),
(187, 'Novela 294', 'Libros', 1064.13, 200),
(188, 'Camiseta 249', 'Ropa', 1476.00, 494),
(189, 'Arroz 265', 'Alimentación', 385.37, 108),
(190, 'Coche de juguete 747', 'Juguetes', 342.41, 178),
(191, 'Patines 429', 'Deportes', 11.56, 55),
(192, 'Manual 238', 'Libros', 492.15, 77),
(193, 'Mesa 311', 'Hogar', 974.70, 165),
(194, 'Café 633', 'Alimentación', 815.32, 231),
(195, 'Coche de juguete 264', 'Juguetes', 265.93, 319),
(196, 'Cojín 483', 'Hogar', 128.68, 181),
(197, 'Camiseta 604', 'Ropa', 1298.98, 459),
(198, 'Puzzle 672', 'Juguetes', 460.02, 13),
(199, 'Balón 130', 'Deportes', 1042.98, 445),
(200, 'Mesa 466', 'Hogar', 420.86, 316),
(201, 'Pantalón 934', 'Ropa', 649.72, 493),
(202, 'Chaqueta 252', 'Ropa', 1475.77, 293),
(203, 'Pesas 516', 'Deportes', 985.81, 475),
(204, 'Portátil 991', 'Informática', 509.19, 277),
(205, 'Raqueta 347', 'Deportes', 970.48, 214),
(206, 'Café 851', 'Alimentación', 1121.66, 404),
(207, 'Ratón 258', 'Informática', 936.02, 69),
(208, 'Silla 602', 'Hogar', 782.55, 231),
(209, 'Altavoz 736', 'Electrónica', 216.74, 320),
(210, 'Cinta de correr 271', 'Deportes', 397.13, 14),
(211, 'Tablet 848', 'Electrónica', 255.63, 365),
(212, 'Bufanda 914', 'Ropa', 603.31, 445),
(213, 'Muñeca 469', 'Juguetes', 1028.98, 406),
(214, 'Zapatos 886', 'Ropa', 911.18, 428),
(215, 'Chaqueta 543', 'Ropa', 905.39, 239),
(216, 'Manual 489', 'Libros', 1104.39, 251),
(217, 'Diccionario 812', 'Libros', 1130.46, 113),
(218, 'Cámara 653', 'Electrónica', 1345.80, 205),
(219, 'Drone infantil 862', 'Juguetes', 183.25, 368),
(220, 'Cámara 715', 'Electrónica', 8.46, 302),
(221, 'Monitor 959', 'Informática', 545.25, 188),
(222, 'Cámara 307', 'Electrónica', 402.63, 474),
(223, 'Ensayo 864', 'Libros', 1050.54, 95),
(224, 'Cámara 495', 'Electrónica', 304.91, 167),
(225, 'Portátil 576', 'Informática', 809.56, 483),
(226, 'Cámara 996', 'Electrónica', 1205.31, 88),
(227, 'Armario 278', 'Hogar', 197.71, 338),
(228, 'Pantalón 903', 'Ropa', 42.36, 240),
(229, 'Patines 203', 'Deportes', 357.67, 496),
(230, 'Pasta 518', 'Alimentación', 919.44, 223),
(231, 'Portátil 756', 'Informática', 398.05, 129),
(232, 'Cinta de correr 669', 'Deportes', 131.33, 499),
(233, 'Auriculares 274', 'Electrónica', 416.68, 495),
(234, 'Drone infantil 104', 'Juguetes', 808.78, 73),
(235, 'Ratón 539', 'Informática', 902.38, 1),
(236, 'Pantalón 517', 'Ropa', 1110.97, 120),
(237, 'Coche de juguete 753', 'Juguetes', 321.25, 30),
(238, 'Teclado 298', 'Informática', 149.92, 393),
(239, 'Cómic 388', 'Libros', 23.12, 200),
(240, 'Raqueta 705', 'Deportes', 472.25, 358),
(241, 'Smartphone 663', 'Electrónica', 427.44, 108),
(242, 'Pasta 827', 'Alimentación', 1045.12, 206),
(243, 'Pasta 203', 'Alimentación', 1452.55, 8),
(244, 'Altavoz 387', 'Electrónica', 200.93, 311),
(245, 'Bufanda 209', 'Ropa', 1243.11, 296),
(246, 'Teclado 515', 'Informática', 1049.58, 66),
(247, 'Bicicleta 123', 'Deportes', 1474.49, 381),
(248, 'Patines 171', 'Deportes', 975.35, 75),
(249, 'Novela 520', 'Libros', 226.39, 174),
(250, 'Cinta de correr 536', 'Deportes', 812.75, 32),
(251, 'Manual 804', 'Libros', 165.40, 357),
(252, 'Smartphone 810', 'Electrónica', 902.77, 107),
(253, 'Mesa 406', 'Hogar', 1410.21, 349),
(254, 'Bufanda 795', 'Ropa', 1344.95, 208),
(255, 'Muñeca 847', 'Juguetes', 1269.96, 279),
(256, 'Lámpara 493', 'Hogar', 1272.74, 287),
(257, 'Cereal 374', 'Alimentación', 1036.29, 145),
(258, 'Raqueta 704', 'Deportes', 1098.13, 12),
(259, 'Pelota 771', 'Juguetes', 1366.91, 231),
(260, 'Balón 931', 'Deportes', 704.68, 185),
(261, 'Portátil 904', 'Informática', 173.37, 154),
(262, 'Coche de juguete 130', 'Juguetes', 807.48, 94),
(263, 'Drone infantil 257', 'Juguetes', 36.22, 489),
(264, 'Chaqueta 468', 'Ropa', 938.12, 73),
(265, 'Auriculares 395', 'Electrónica', 1110.26, 107),
(266, 'Pesas 902', 'Deportes', 766.14, 307),
(267, 'Puzzle 896', 'Juguetes', 595.66, 406),
(268, 'Pantalón 105', 'Ropa', 963.88, 337),
(269, 'Café 190', 'Alimentación', 1261.08, 202),
(270, 'Cámara 963', 'Electrónica', 410.05, 88),
(271, 'Manual 984', 'Libros', 1017.80, 393),
(272, 'Mesa 768', 'Hogar', 954.77, 318),
(273, 'Raqueta 672', 'Deportes', 1381.37, 155),
(274, 'Pasta 531', 'Alimentación', 458.79, 200),
(275, 'Bufanda 751', 'Ropa', 815.35, 85),
(276, 'Camiseta 746', 'Ropa', 934.84, 240),
(277, 'Raqueta 582', 'Deportes', 753.09, 168),
(278, 'Balón 984', 'Deportes', 837.82, 427),
(279, 'Portátil 742', 'Informática', 1429.32, 57),
(280, 'Arroz 420', 'Alimentación', 727.94, 247),
(281, 'Pelota 898', 'Juguetes', 718.56, 132),
(282, 'Drone infantil 665', 'Juguetes', 11.49, 119),
(283, 'Mesa 217', 'Hogar', 1457.41, 288),
(284, 'Auriculares 755', 'Electrónica', 954.22, 316),
(285, 'Manual 340', 'Libros', 686.18, 264),
(286, 'Bufanda 391', 'Ropa', 891.07, 310),
(287, 'Camiseta 865', 'Ropa', 1120.67, 275),
(288, 'Cinta de correr 144', 'Deportes', 455.73, 10),
(289, 'Monitor 565', 'Informática', 1416.36, 236),
(290, 'Raqueta 543', 'Deportes', 564.09, 300),
(291, 'Muñeca 787', 'Juguetes', 586.06, 364),
(292, 'Smartphone 933', 'Electrónica', 1042.89, 85),
(293, 'Auriculares 888', 'Electrónica', 850.55, 4),
(294, 'Gorra 710', 'Ropa', 217.36, 490),
(295, 'Auriculares 627', 'Electrónica', 41.09, 486),
(296, 'Leche 159', 'Alimentación', 1425.42, 343),
(297, 'Zapatos 833', 'Ropa', 483.37, 208),
(298, 'Impresora 519', 'Informática', 656.88, 83),
(299, 'Pelota 905', 'Juguetes', 1177.50, 423),
(300, 'Muñeca 594', 'Juguetes', 1107.91, 425),
(301, 'Televisor 102', 'Electrónica', 346.35, 266),
(302, 'Disco Duro 109', 'Informática', 405.96, 349),
(303, 'Raqueta 889', 'Deportes', 135.54, 165),
(304, 'Arroz 421', 'Alimentación', 640.00, 401),
(305, 'Cereal 814', 'Alimentación', 299.64, 273),
(306, 'Cama 442', 'Hogar', 1192.87, 251),
(307, 'Leche 898', 'Alimentación', 1069.38, 446),
(308, 'Zapatos 115', 'Ropa', 1191.10, 418),
(309, 'Diccionario 991', 'Libros', 433.08, 64),
(310, 'Cama 564', 'Hogar', 608.22, 47),
(311, 'Camiseta 836', 'Ropa', 589.95, 256),
(312, 'Cámara 465', 'Electrónica', 1323.23, 377),
(313, 'Silla 601', 'Hogar', 1288.65, 64),
(314, 'Bufanda 499', 'Ropa', 384.28, 450),
(315, 'Lámpara 973', 'Hogar', 1478.47, 222),
(316, 'Muñeca 689', 'Juguetes', 1073.49, 27),
(317, 'Novela 253', 'Libros', 954.87, 362),
(318, 'Patines 975', 'Deportes', 1215.95, 77),
(319, 'Chaqueta 633', 'Ropa', 506.68, 75),
(320, 'Mesa 847', 'Hogar', 1072.70, 408),
(321, 'Gorra 525', 'Ropa', 991.95, 107),
(322, 'Zapatos 947', 'Ropa', 1168.24, 191),
(323, 'Monitor 865', 'Informática', 1397.08, 74),
(324, 'Tablet 261', 'Electrónica', 1375.20, 35),
(325, 'Novela 551', 'Libros', 12.90, 114),
(326, 'Mesa 113', 'Hogar', 1372.85, 473),
(327, 'Muñeca 685', 'Juguetes', 331.81, 500),
(328, 'Cómic 396', 'Libros', 953.23, 459),
(329, 'Patines 213', 'Deportes', 1489.70, 113),
(330, 'Aceite 474', 'Alimentación', 365.61, 305),
(331, 'Disco Duro 929', 'Informática', 151.78, 381),
(332, 'Puzzle 527', 'Juguetes', 443.35, 438),
(333, 'Muñeca 757', 'Juguetes', 354.79, 115),
(334, 'Cojín 867', 'Hogar', 1467.70, 450),
(335, 'Pelota 813', 'Juguetes', 1147.40, 329),
(336, 'Disco Duro 188', 'Informática', 323.67, 16),
(337, 'Tablet 641', 'Electrónica', 444.98, 433),
(338, 'Bicicleta 419', 'Deportes', 873.40, 451),
(339, 'Pantalón 877', 'Ropa', 231.03, 400),
(340, 'Leche 643', 'Alimentación', 1479.71, 113),
(341, 'Cama 487', 'Hogar', 55.93, 259),
(342, 'Armario 620', 'Hogar', 379.40, 316),
(343, 'Manual 286', 'Libros', 838.91, 338),
(344, 'Silla 752', 'Hogar', 874.09, 243),
(345, 'Mesa 424', 'Hogar', 956.63, 335),
(346, 'Patines 439', 'Deportes', 558.49, 397),
(347, 'Armario 771', 'Hogar', 235.64, 235),
(348, 'Cinta de correr 279', 'Deportes', 692.81, 393),
(349, 'Impresora 692', 'Informática', 1449.90, 313),
(350, 'Aceite 735', 'Alimentación', 766.58, 159),
(351, 'Balón 871', 'Deportes', 639.50, 348),
(352, 'Coche de juguete 204', 'Juguetes', 1086.39, 28),
(353, 'Televisor 772', 'Electrónica', 396.89, 492),
(354, 'Cinta de correr 614', 'Deportes', 175.12, 29),
(355, 'Gorra 600', 'Ropa', 22.19, 230),
(356, 'Pantalón 541', 'Ropa', 1151.84, 81),
(357, 'Altavoz 726', 'Electrónica', 352.70, 202),
(358, 'Lámpara 430', 'Hogar', 351.91, 349),
(359, 'Arroz 895', 'Alimentación', 475.81, 486),
(360, 'Café 404', 'Alimentación', 856.46, 475),
(361, 'Monitor 169', 'Informática', 629.56, 85),
(362, 'Patines 113', 'Deportes', 678.18, 2),
(363, 'Zapatos 230', 'Ropa', 1010.65, 242),
(364, 'Coche de juguete 644', 'Juguetes', 567.47, 111),
(365, 'Smartphone 179', 'Electrónica', 73.70, 4),
(366, 'Puzzle 606', 'Juguetes', 669.11, 127),
(367, 'Cinta de correr 825', 'Deportes', 437.75, 6),
(368, 'Monitor 412', 'Informática', 1428.33, 70),
(369, 'Bufanda 244', 'Ropa', 677.55, 357),
(370, 'Auriculares 516', 'Electrónica', 1129.83, 463),
(371, 'Cómic 564', 'Libros', 734.76, 207),
(372, 'Teclado 649', 'Informática', 349.75, 91),
(373, 'Silla 426', 'Hogar', 741.96, 468),
(374, 'Cómic 492', 'Libros', 130.78, 254),
(375, 'Cámara 552', 'Electrónica', 161.63, 497),
(376, 'Pelota 116', 'Juguetes', 311.91, 190),
(377, 'Drone infantil 201', 'Juguetes', 689.09, 108),
(378, 'Coche de juguete 324', 'Juguetes', 619.28, 3),
(379, 'Cinta de correr 366', 'Deportes', 1175.93, 411),
(380, 'Auriculares 370', 'Electrónica', 1162.90, 333),
(381, 'Zapatos 238', 'Ropa', 528.56, 200),
(382, 'Diccionario 649', 'Libros', 174.94, 182),
(383, 'Manual 499', 'Libros', 1302.03, 371),
(384, 'Smartphone 910', 'Electrónica', 1209.95, 337),
(385, 'Auriculares 748', 'Electrónica', 1372.93, 438),
(386, 'Disco Duro 805', 'Informática', 513.67, 213),
(387, 'Chaqueta 475', 'Ropa', 675.36, 411),
(388, 'Impresora 331', 'Informática', 1308.28, 133),
(389, 'Altavoz 516', 'Electrónica', 196.12, 458),
(390, 'Pesas 274', 'Deportes', 601.87, 126),
(391, 'Pesas 638', 'Deportes', 170.24, 456),
(392, 'Diccionario 950', 'Libros', 124.08, 207),
(393, 'Auriculares 850', 'Electrónica', 6.06, 351),
(394, 'Café 132', 'Alimentación', 1284.42, 258),
(395, 'Novela 614', 'Libros', 343.80, 12),
(396, 'Cereal 640', 'Alimentación', 202.02, 108),
(397, 'Bicicleta 122', 'Deportes', 765.41, 134),
(398, 'Mesa 770', 'Hogar', 369.56, 109),
(399, 'Altavoz 879', 'Electrónica', 1115.39, 178),
(400, 'Biografía 933', 'Libros', 438.08, 69),
(401, 'Cereal 317', 'Alimentación', 496.79, 109),
(402, 'Portátil 323', 'Informática', 658.71, 63),
(403, 'Tablet 151', 'Electrónica', 965.16, 156),
(404, 'Pantalón 337', 'Ropa', 596.85, 134),
(405, 'Televisor 396', 'Electrónica', 1163.24, 292),
(406, 'Chaqueta 196', 'Ropa', 1487.19, 342),
(407, 'Lámpara 759', 'Hogar', 1172.14, 238),
(408, 'Cereal 821', 'Alimentación', 721.75, 324),
(409, 'Monitor 846', 'Informática', 809.02, 189),
(410, 'Manual 218', 'Libros', 413.84, 404),
(411, 'Bicicleta 564', 'Deportes', 942.33, 228),
(412, 'Ensayo 302', 'Libros', 353.34, 171),
(413, 'Monitor 837', 'Informática', 928.14, 28),
(414, 'Cinta de correr 769', 'Deportes', 1226.54, 475),
(415, 'Leche 224', 'Alimentación', 1076.49, 470),
(416, 'Chaqueta 687', 'Ropa', 580.28, 496),
(417, 'Café 562', 'Alimentación', 261.53, 351),
(418, 'Balón 464', 'Deportes', 600.51, 155),
(419, 'Balón 857', 'Deportes', 147.28, 216),
(420, 'Pesas 615', 'Deportes', 1202.09, 347),
(421, 'Portátil 469', 'Informática', 1451.87, 53),
(422, 'Smartphone 179', 'Electrónica', 527.43, 292),
(423, 'Lámpara 411', 'Hogar', 1019.76, 91),
(424, 'Aceite 593', 'Alimentación', 1350.96, 153),
(425, 'Muñeca 420', 'Juguetes', 364.37, 89),
(426, 'Cámara 288', 'Electrónica', 571.30, 196),
(427, 'Lámpara 605', 'Hogar', 213.29, 382),
(428, 'Pasta 375', 'Alimentación', 156.48, 90),
(429, 'Coche de juguete 607', 'Juguetes', 383.30, 394),
(430, 'Coche de juguete 550', 'Juguetes', 193.77, 412),
(431, 'Puzzle 425', 'Juguetes', 79.69, 388),
(432, 'Portátil 524', 'Informática', 764.43, 328),
(433, 'Puzzle 500', 'Juguetes', 721.89, 341),
(434, 'Muñeca 972', 'Juguetes', 1312.03, 340),
(435, 'Leche 933', 'Alimentación', 1009.03, 118),
(436, 'Pelota 235', 'Juguetes', 414.31, 281),
(437, 'Coche de juguete 314', 'Juguetes', 451.53, 207),
(438, 'Aceite 349', 'Alimentación', 651.00, 94),
(439, 'Gorra 974', 'Ropa', 405.79, 120),
(440, 'Aceite 506', 'Alimentación', 466.06, 74),
(441, 'Patines 901', 'Deportes', 824.05, 458),
(442, 'Arroz 169', 'Alimentación', 1176.25, 450),
(443, 'Chaqueta 317', 'Ropa', 775.27, 274),
(444, 'Cereal 328', 'Alimentación', 415.86, 84),
(445, 'Manual 765', 'Libros', 241.92, 185),
(446, 'Pasta 404', 'Alimentación', 1134.53, 386),
(447, 'Teclado 362', 'Informática', 1045.15, 268),
(448, 'Televisor 635', 'Electrónica', 528.90, 138),
(449, 'Cinta de correr 941', 'Deportes', 1263.17, 102),
(450, 'Puzzle 588', 'Juguetes', 533.84, 321),
(451, 'Cereal 706', 'Alimentación', 558.31, 279),
(452, 'Balón 775', 'Deportes', 932.18, 494),
(453, 'Cinta de correr 586', 'Deportes', 513.21, 475),
(454, 'Mesa 858', 'Hogar', 591.88, 445),
(455, 'Café 407', 'Alimentación', 645.14, 289),
(456, 'Cinta de correr 421', 'Deportes', 987.12, 179),
(457, 'Cinta de correr 799', 'Deportes', 1341.64, 418),
(458, 'Cereal 778', 'Alimentación', 901.14, 463),
(459, 'Pesas 500', 'Deportes', 826.05, 415),
(460, 'Biografía 142', 'Libros', 72.24, 337),
(461, 'Tablet 500', 'Electrónica', 985.51, 113),
(462, 'Auriculares 629', 'Electrónica', 1291.66, 79),
(463, 'Armario 852', 'Hogar', 1423.31, 448),
(464, 'Portátil 842', 'Informática', 739.38, 165),
(465, 'Lego 832', 'Juguetes', 608.99, 285),
(466, 'Novela 143', 'Libros', 406.10, 477),
(467, 'Bicicleta 443', 'Deportes', 1111.26, 110),
(468, 'Arroz 191', 'Alimentación', 1057.97, 311),
(469, 'Ratón 770', 'Informática', 985.27, 123),
(470, 'Balón 846', 'Deportes', 876.91, 3),
(471, 'Novela 954', 'Libros', 549.33, 159),
(472, 'Patines 833', 'Deportes', 1093.38, 228),
(473, 'Impresora 305', 'Informática', 580.11, 54),
(474, 'Coche de juguete 169', 'Juguetes', 945.19, 492),
(475, 'Ratón 621', 'Informática', 1047.34, 338),
(476, 'Televisor 727', 'Electrónica', 234.86, 411),
(477, 'Pantalón 867', 'Ropa', 420.56, 237),
(478, 'Biografía 198', 'Libros', 767.44, 344),
(479, 'Pasta 462', 'Alimentación', 298.46, 362),
(480, 'Pantalón 685', 'Ropa', 1096.98, 424),
(481, 'Lego 108', 'Juguetes', 491.02, 202),
(482, 'Auriculares 373', 'Electrónica', 59.55, 415),
(483, 'Muñeca 283', 'Juguetes', 764.99, 77),
(484, 'Pantalón 235', 'Ropa', 1376.44, 110),
(485, 'Monitor 101', 'Informática', 642.85, 324),
(486, 'Altavoz 420', 'Electrónica', 988.71, 472),
(487, 'Manual 417', 'Libros', 937.45, 462),
(488, 'Armario 938', 'Hogar', 252.51, 140),
(489, 'Portátil 996', 'Informática', 983.43, 57),
(490, 'Café 112', 'Alimentación', 1469.05, 249),
(491, 'Raqueta 365', 'Deportes', 1352.90, 293),
(492, 'Lego 967', 'Juguetes', 610.70, 175),
(493, 'Puzzle 509', 'Juguetes', 1051.59, 158),
(494, 'Portátil 793', 'Informática', 500.91, 465),
(495, 'Pasta 788', 'Alimentación', 358.78, 0),
(496, 'Bufanda 659', 'Ropa', 867.84, 253),
(497, 'Monitor 797', 'Informática', 784.66, 171),
(498, 'Televisor 762', 'Electrónica', 81.17, 127),
(499, 'Camiseta 108', 'Ropa', 1234.90, 21),
(500, 'Camiseta 885', 'Ropa', 135.33, 145),
(501, 'Monitor 155', 'Informática', 1405.13, 379),
(502, 'Pelota 435', 'Juguetes', 1070.60, 237),
(503, 'Ensayo 532', 'Libros', 175.25, 244),
(504, 'Pelota 400', 'Juguetes', 1450.85, 152),
(505, 'Biografía 739', 'Libros', 1492.36, 187),
(506, 'Ensayo 241', 'Libros', 594.50, 495),
(507, 'Altavoz 480', 'Electrónica', 1402.52, 400),
(508, 'Impresora 761', 'Informática', 6.97, 288),
(509, 'Drone infantil 822', 'Juguetes', 929.12, 302),
(510, 'Puzzle 596', 'Juguetes', 97.71, 204),
(511, 'Lámpara 700', 'Hogar', 989.64, 188),
(512, 'Puzzle 320', 'Juguetes', 445.65, 101),
(513, 'Aceite 264', 'Alimentación', 1081.69, 294),
(514, 'Cereal 324', 'Alimentación', 1117.16, 107),
(515, 'Balón 328', 'Deportes', 410.41, 66),
(516, 'Pasta 624', 'Alimentación', 1398.25, 165),
(517, 'Pelota 492', 'Juguetes', 134.31, 283),
(518, 'Silla 190', 'Hogar', 1392.02, 348),
(519, 'Coche de juguete 568', 'Juguetes', 847.41, 135),
(520, 'Balón 243', 'Deportes', 904.46, 256),
(521, 'Teclado 991', 'Informática', 675.21, 389),
(522, 'Diccionario 856', 'Libros', 29.82, 461),
(523, 'Portátil 746', 'Informática', 538.48, 247),
(524, 'Bufanda 520', 'Ropa', 947.55, 387),
(525, 'Puzzle 413', 'Juguetes', 782.55, 300),
(526, 'Cereal 448', 'Alimentación', 1395.54, 51),
(527, 'Pantalón 326', 'Ropa', 915.43, 70),
(528, 'Smartphone 244', 'Electrónica', 904.49, 261),
(529, 'Drone infantil 683', 'Juguetes', 755.52, 281),
(530, 'Arroz 539', 'Alimentación', 938.53, 62),
(531, 'Auriculares 131', 'Electrónica', 1005.14, 131),
(532, 'Lámpara 464', 'Hogar', 853.86, 127),
(533, 'Impresora 927', 'Informática', 1078.87, 354),
(534, 'Patines 719', 'Deportes', 461.02, 7),
(535, 'Armario 626', 'Hogar', 1108.30, 21),
(536, 'Café 178', 'Alimentación', 786.73, 273),
(537, 'Cómic 426', 'Libros', 1034.46, 334),
(538, 'Armario 187', 'Hogar', 108.56, 479),
(539, 'Bicicleta 753', 'Deportes', 1366.61, 167),
(540, 'Aceite 412', 'Alimentación', 1048.52, 330),
(541, 'Arroz 525', 'Alimentación', 636.44, 335),
(542, 'Zapatos 331', 'Ropa', 234.15, 468),
(543, 'Cereal 535', 'Alimentación', 1448.09, 405),
(544, 'Chaqueta 252', 'Ropa', 1054.00, 73),
(545, 'Raqueta 470', 'Deportes', 1097.11, 347),
(546, 'Bicicleta 518', 'Deportes', 682.81, 386),
(547, 'Televisor 128', 'Electrónica', 1483.02, 174),
(548, 'Camiseta 493', 'Ropa', 950.85, 461),
(549, 'Disco Duro 594', 'Informática', 1232.13, 171),
(550, 'Ensayo 657', 'Libros', 740.55, 60),
(551, 'Zapatos 594', 'Ropa', 1207.16, 215),
(552, 'Portátil 943', 'Informática', 1067.62, 249),
(553, 'Biografía 950', 'Libros', 680.66, 59),
(554, 'Altavoz 344', 'Electrónica', 781.60, 281),
(555, 'Diccionario 137', 'Libros', 1280.84, 499),
(556, 'Aceite 692', 'Alimentación', 845.53, 287),
(557, 'Zapatos 710', 'Ropa', 1253.73, 486),
(558, 'Chaqueta 837', 'Ropa', 441.13, 338),
(559, 'Smartphone 416', 'Electrónica', 307.88, 376),
(560, 'Armario 314', 'Hogar', 441.05, 53),
(561, 'Auriculares 304', 'Electrónica', 352.75, 240),
(562, 'Lámpara 967', 'Hogar', 1037.11, 412),
(563, 'Disco Duro 887', 'Informática', 1028.97, 260),
(564, 'Café 750', 'Alimentación', 849.90, 394),
(565, 'Café 103', 'Alimentación', 942.66, 382),
(566, 'Portátil 275', 'Informática', 503.70, 385),
(567, 'Pantalón 538', 'Ropa', 1323.91, 454),
(568, 'Novela 181', 'Libros', 542.44, 379),
(569, 'Monitor 804', 'Informática', 374.10, 359),
(570, 'Televisor 867', 'Electrónica', 298.86, 329),
(571, 'Lámpara 526', 'Hogar', 83.21, 302),
(572, 'Cinta de correr 211', 'Deportes', 1387.85, 137),
(573, 'Impresora 762', 'Informática', 499.97, 340),
(574, 'Cómic 197', 'Libros', 1010.30, 488),
(575, 'Pelota 780', 'Juguetes', 1165.40, 96),
(576, 'Balón 138', 'Deportes', 1202.28, 322),
(577, 'Biografía 598', 'Libros', 557.11, 108),
(578, 'Teclado 247', 'Informática', 737.65, 62),
(579, 'Aceite 650', 'Alimentación', 550.52, 125),
(580, 'Gorra 842', 'Ropa', 888.72, 174),
(581, 'Puzzle 745', 'Juguetes', 1012.66, 409),
(582, 'Cinta de correr 555', 'Deportes', 127.24, 157),
(583, 'Bufanda 425', 'Ropa', 1058.75, 173),
(584, 'Mesa 364', 'Hogar', 1047.17, 44),
(585, 'Leche 401', 'Alimentación', 36.99, 125),
(586, 'Patines 209', 'Deportes', 613.17, 93),
(587, 'Leche 401', 'Alimentación', 1318.62, 141),
(588, 'Bicicleta 952', 'Deportes', 511.37, 97),
(589, 'Pesas 977', 'Deportes', 1332.07, 434),
(590, 'Mesa 564', 'Hogar', 678.75, 20),
(591, 'Pesas 118', 'Deportes', 19.15, 423),
(592, 'Pelota 801', 'Juguetes', 566.97, 144),
(593, 'Pasta 987', 'Alimentación', 1124.38, 39),
(594, 'Smartphone 748', 'Electrónica', 1126.95, 61),
(595, 'Cinta de correr 373', 'Deportes', 1354.11, 255),
(596, 'Mesa 846', 'Hogar', 67.53, 91),
(597, 'Biografía 186', 'Libros', 335.42, 237),
(598, 'Diccionario 934', 'Libros', 1239.32, 15),
(599, 'Pantalón 152', 'Ropa', 954.25, 120),
(600, 'Smartphone 599', 'Electrónica', 1222.52, 119),
(601, 'Gorra 893', 'Ropa', 1285.98, 99),
(602, 'Monitor 649', 'Informática', 68.38, 370),
(603, 'Drone infantil 442', 'Juguetes', 416.09, 462),
(604, 'Bufanda 450', 'Ropa', 462.33, 8),
(605, 'Silla 823', 'Hogar', 726.79, 52),
(606, 'Pantalón 460', 'Ropa', 777.45, 49),
(607, 'Cojín 504', 'Hogar', 378.06, 396),
(608, 'Smartphone 477', 'Electrónica', 187.21, 392),
(609, 'Novela 646', 'Libros', 1010.35, 370),
(610, 'Altavoz 331', 'Electrónica', 1359.75, 23),
(611, 'Portátil 633', 'Informática', 1496.52, 31),
(612, 'Cojín 257', 'Hogar', 585.39, 420),
(613, 'Televisor 518', 'Electrónica', 567.05, 112),
(614, 'Novela 560', 'Libros', 556.12, 181),
(615, 'Pesas 240', 'Deportes', 686.13, 159),
(616, 'Diccionario 961', 'Libros', 1047.00, 191),
(617, 'Cama 445', 'Hogar', 1448.09, 39),
(618, 'Patines 808', 'Deportes', 541.80, 325),
(619, 'Bufanda 721', 'Ropa', 498.99, 155),
(620, 'Armario 647', 'Hogar', 1198.70, 188),
(621, 'Mesa 197', 'Hogar', 1187.80, 318),
(622, 'Tablet 577', 'Electrónica', 1162.54, 100),
(623, 'Camiseta 286', 'Ropa', 1469.12, 433),
(624, 'Café 893', 'Alimentación', 780.80, 335),
(625, 'Altavoz 113', 'Electrónica', 1227.32, 5),
(626, 'Pelota 175', 'Juguetes', 992.57, 186),
(627, 'Ensayo 817', 'Libros', 6.46, 482),
(628, 'Pelota 695', 'Juguetes', 525.39, 137),
(629, 'Cojín 349', 'Hogar', 1096.28, 360),
(630, 'Silla 703', 'Hogar', 1075.89, 468),
(631, 'Café 561', 'Alimentación', 1294.91, 435),
(632, 'Tablet 673', 'Electrónica', 1266.41, 211),
(633, 'Lámpara 934', 'Hogar', 1299.65, 480),
(634, 'Chaqueta 443', 'Ropa', 473.48, 443),
(635, 'Cámara 967', 'Electrónica', 5.14, 399),
(636, 'Zapatos 752', 'Ropa', 1209.49, 237),
(637, 'Arroz 818', 'Alimentación', 1043.01, 371),
(638, 'Pesas 644', 'Deportes', 500.15, 7),
(639, 'Biografía 837', 'Libros', 467.61, 390),
(640, 'Armario 353', 'Hogar', 1203.78, 136),
(641, 'Ensayo 785', 'Libros', 1049.47, 368),
(642, 'Pelota 463', 'Juguetes', 25.74, 137),
(643, 'Coche de juguete 861', 'Juguetes', 638.08, 123),
(644, 'Impresora 301', 'Informática', 1344.44, 89),
(645, 'Pesas 180', 'Deportes', 232.27, 34),
(646, 'Pelota 993', 'Juguetes', 381.41, 322),
(647, 'Pasta 112', 'Alimentación', 1144.81, 70),
(648, 'Puzzle 333', 'Juguetes', 1040.55, 467),
(649, 'Lámpara 729', 'Hogar', 580.83, 103),
(650, 'Teclado 475', 'Informática', 1143.77, 131),
(651, 'Muñeca 465', 'Juguetes', 209.30, 56),
(652, 'Cómic 832', 'Libros', 490.67, 4),
(653, 'Pasta 567', 'Alimentación', 1278.51, 76),
(654, 'Zapatos 812', 'Ropa', 505.82, 264),
(655, 'Monitor 269', 'Informática', 486.20, 366),
(656, 'Teclado 313', 'Informática', 244.60, 132),
(657, 'Teclado 704', 'Informática', 228.05, 137),
(658, 'Bufanda 330', 'Ropa', 1432.92, 448),
(659, 'Silla 839', 'Hogar', 417.89, 3),
(660, 'Bicicleta 171', 'Deportes', 62.47, 306),
(661, 'Altavoz 120', 'Electrónica', 1181.02, 340),
(662, 'Lámpara 664', 'Hogar', 1162.57, 191),
(663, 'Cama 391', 'Hogar', 1046.00, 355),
(664, 'Cómic 951', 'Libros', 488.52, 364),
(665, 'Cámara 457', 'Electrónica', 346.28, 106),
(666, 'Televisor 655', 'Electrónica', 278.76, 289),
(667, 'Mesa 413', 'Hogar', 1297.11, 277),
(668, 'Portátil 315', 'Informática', 722.91, 431),
(669, 'Lego 236', 'Juguetes', 243.40, 439),
(670, 'Altavoz 334', 'Electrónica', 408.65, 273),
(671, 'Mesa 171', 'Hogar', 213.02, 228),
(672, 'Mesa 907', 'Hogar', 35.15, 62),
(673, 'Cama 278', 'Hogar', 623.10, 327),
(674, 'Ensayo 729', 'Libros', 755.31, 120),
(675, 'Balón 150', 'Deportes', 219.39, 50),
(676, 'Puzzle 658', 'Juguetes', 1311.63, 477),
(677, 'Bufanda 275', 'Ropa', 57.79, 276),
(678, 'Portátil 753', 'Informática', 1277.03, 117),
(679, 'Zapatos 742', 'Ropa', 312.01, 328),
(680, 'Cámara 687', 'Electrónica', 846.90, 21),
(681, 'Televisor 772', 'Electrónica', 1190.53, 477),
(682, 'Novela 833', 'Libros', 335.34, 63),
(683, 'Teclado 225', 'Informática', 1326.74, 448),
(684, 'Auriculares 613', 'Electrónica', 995.70, 251),
(685, 'Televisor 426', 'Electrónica', 1217.49, 222),
(686, 'Drone infantil 183', 'Juguetes', 1282.77, 397),
(687, 'Café 270', 'Alimentación', 1039.82, 439),
(688, 'Silla 624', 'Hogar', 1001.62, 123),
(689, 'Manual 866', 'Libros', 47.27, 14),
(690, 'Cama 671', 'Hogar', 1345.74, 285),
(691, 'Smartphone 362', 'Electrónica', 1251.70, 315),
(692, 'Pelota 689', 'Juguetes', 1414.82, 38),
(693, 'Biografía 338', 'Libros', 1446.80, 249),
(694, 'Disco Duro 749', 'Informática', 984.12, 163),
(695, 'Biografía 413', 'Libros', 529.49, 293),
(696, 'Muñeca 505', 'Juguetes', 301.81, 93),
(697, 'Ratón 310', 'Informática', 1485.67, 208),
(698, 'Cereal 922', 'Alimentación', 680.73, 374),
(699, 'Aceite 248', 'Alimentación', 629.60, 189),
(700, 'Novela 229', 'Libros', 941.89, 313),
(701, 'Televisor 841', 'Electrónica', 1293.37, 231),
(702, 'Raqueta 122', 'Deportes', 171.40, 349),
(703, 'Ratón 952', 'Informática', 1328.74, 124),
(704, 'Bicicleta 527', 'Deportes', 670.69, 146),
(705, 'Ratón 136', 'Informática', 1071.04, 69),
(706, 'Ensayo 637', 'Libros', 439.29, 48),
(707, 'Mesa 844', 'Hogar', 366.10, 271),
(708, 'Zapatos 119', 'Ropa', 1290.02, 126),
(709, 'Monitor 304', 'Informática', 276.74, 465),
(710, 'Camiseta 599', 'Ropa', 385.55, 496),
(711, 'Manual 720', 'Libros', 385.86, 14),
(712, 'Raqueta 384', 'Deportes', 593.10, 366),
(713, 'Arroz 365', 'Alimentación', 414.03, 39),
(714, 'Mesa 630', 'Hogar', 1172.76, 228),
(715, 'Armario 478', 'Hogar', 373.18, 265),
(716, 'Auriculares 526', 'Electrónica', 647.89, 56),
(717, 'Leche 972', 'Alimentación', 550.84, 95),
(718, 'Biografía 955', 'Libros', 104.04, 176),
(719, 'Cómic 121', 'Libros', 402.22, 150),
(720, 'Novela 797', 'Libros', 1035.94, 49),
(721, 'Drone infantil 988', 'Juguetes', 813.61, 131),
(722, 'Mesa 305', 'Hogar', 16.69, 298),
(723, 'Mesa 945', 'Hogar', 301.22, 474),
(724, 'Pasta 411', 'Alimentación', 1248.70, 237),
(725, 'Coche de juguete 538', 'Juguetes', 192.84, 484),
(726, 'Teclado 394', 'Informática', 700.39, 154),
(727, 'Cómic 204', 'Libros', 96.69, 225),
(728, 'Leche 685', 'Alimentación', 1236.24, 133),
(729, 'Cojín 582', 'Hogar', 734.29, 158),
(730, 'Muñeca 275', 'Juguetes', 567.09, 359),
(731, 'Zapatos 100', 'Ropa', 871.10, 174),
(732, 'Cojín 516', 'Hogar', 1201.78, 438),
(733, 'Tablet 227', 'Electrónica', 424.69, 108),
(734, 'Camiseta 228', 'Ropa', 416.95, 420),
(735, 'Patines 282', 'Deportes', 1107.34, 490),
(736, 'Raqueta 206', 'Deportes', 1448.64, 130),
(737, 'Diccionario 191', 'Libros', 1274.69, 275),
(738, 'Coche de juguete 678', 'Juguetes', 1375.61, 478),
(739, 'Raqueta 406', 'Deportes', 1327.97, 383),
(740, 'Silla 884', 'Hogar', 1305.25, 76),
(741, 'Mesa 815', 'Hogar', 1478.89, 407),
(742, 'Ensayo 363', 'Libros', 251.55, 232),
(743, 'Lego 540', 'Juguetes', 1494.84, 443),
(744, 'Monitor 717', 'Informática', 1249.64, 435),
(745, 'Cómic 536', 'Libros', 261.83, 255),
(746, 'Teclado 794', 'Informática', 351.20, 241),
(747, 'Silla 624', 'Hogar', 1099.41, 220),
(748, 'Camiseta 795', 'Ropa', 1089.37, 498),
(749, 'Bufanda 170', 'Ropa', 715.70, 258),
(750, 'Manual 851', 'Libros', 1494.44, 390),
(751, 'Silla 856', 'Hogar', 1353.64, 431),
(752, 'Disco Duro 360', 'Informática', 1320.74, 105),
(753, 'Impresora 374', 'Informática', 359.02, 75),
(754, 'Balón 686', 'Deportes', 846.82, 122),
(755, 'Ratón 451', 'Informática', 1017.75, 243),
(756, 'Puzzle 700', 'Juguetes', 813.74, 329),
(757, 'Silla 696', 'Hogar', 772.27, 166),
(758, 'Raqueta 670', 'Deportes', 1368.45, 483),
(759, 'Bicicleta 281', 'Deportes', 1458.61, 303),
(760, 'Monitor 744', 'Informática', 914.94, 473),
(761, 'Aceite 143', 'Alimentación', 402.71, 130),
(762, 'Smartphone 734', 'Electrónica', 787.96, 67),
(763, 'Leche 285', 'Alimentación', 111.73, 249),
(764, 'Novela 106', 'Libros', 358.78, 29),
(765, 'Manual 703', 'Libros', 1438.45, 375),
(766, 'Auriculares 547', 'Electrónica', 398.20, 296),
(767, 'Lego 367', 'Juguetes', 1494.48, 101),
(768, 'Diccionario 187', 'Libros', 1168.67, 128),
(769, 'Manual 154', 'Libros', 366.39, 438),
(770, 'Armario 128', 'Hogar', 1493.46, 419),
(771, 'Chaqueta 877', 'Ropa', 900.88, 454),
(772, 'Zapatos 140', 'Ropa', 691.94, 214),
(773, 'Puzzle 192', 'Juguetes', 1372.42, 37),
(774, 'Teclado 956', 'Informática', 1459.37, 324),
(775, 'Armario 249', 'Hogar', 937.76, 22),
(776, 'Mesa 669', 'Hogar', 138.84, 265),
(777, 'Cámara 821', 'Electrónica', 1130.87, 370),
(778, 'Silla 182', 'Hogar', 876.35, 217),
(779, 'Teclado 486', 'Informática', 274.28, 163),
(780, 'Pelota 992', 'Juguetes', 92.57, 240),
(781, 'Zapatos 352', 'Ropa', 699.76, 225),
(782, 'Ratón 388', 'Informática', 19.28, 255),
(783, 'Cámara 608', 'Electrónica', 804.25, 124),
(784, 'Lámpara 921', 'Hogar', 728.40, 149),
(785, 'Altavoz 548', 'Electrónica', 1473.53, 237),
(786, 'Cómic 430', 'Libros', 1292.79, 292),
(787, 'Cómic 537', 'Libros', 5.60, 32),
(788, 'Silla 330', 'Hogar', 647.52, 376),
(789, 'Camiseta 743', 'Ropa', 1173.46, 450),
(790, 'Cereal 815', 'Alimentación', 357.80, 36),
(791, 'Chaqueta 709', 'Ropa', 696.71, 334),
(792, 'Zapatos 357', 'Ropa', 224.13, 86),
(793, 'Raqueta 580', 'Deportes', 733.34, 248),
(794, 'Zapatos 766', 'Ropa', 375.23, 460),
(795, 'Drone infantil 121', 'Juguetes', 858.20, 34),
(796, 'Camiseta 865', 'Ropa', 720.07, 355),
(797, 'Disco Duro 423', 'Informática', 861.97, 371),
(798, 'Gorra 468', 'Ropa', 771.23, 24),
(799, 'Balón 714', 'Deportes', 854.60, 454),
(800, 'Coche de juguete 150', 'Juguetes', 290.50, 460),
(801, 'Patines 519', 'Deportes', 979.31, 421),
(802, 'Leche 600', 'Alimentación', 905.86, 225),
(803, 'Camiseta 442', 'Ropa', 936.54, 370),
(804, 'Ensayo 425', 'Libros', 409.21, 412),
(805, 'Televisor 256', 'Electrónica', 1088.85, 350),
(806, 'Leche 683', 'Alimentación', 253.69, 396),
(807, 'Lámpara 445', 'Hogar', 1151.23, 318),
(808, 'Cojín 478', 'Hogar', 64.06, 111),
(809, 'Drone infantil 411', 'Juguetes', 125.45, 397),
(810, 'Altavoz 321', 'Electrónica', 1182.53, 18),
(811, 'Diccionario 160', 'Libros', 613.49, 361),
(812, 'Bicicleta 127', 'Deportes', 531.58, 45),
(813, 'Cámara 310', 'Electrónica', 1441.31, 125),
(814, 'Cómic 556', 'Libros', 1062.23, 150),
(815, 'Chaqueta 598', 'Ropa', 1238.44, 294),
(816, 'Monitor 154', 'Informática', 956.78, 189),
(817, 'Bufanda 567', 'Ropa', 1208.21, 298),
(818, 'Cojín 714', 'Hogar', 970.23, 91),
(819, 'Aceite 815', 'Alimentación', 124.33, 216),
(820, 'Novela 105', 'Libros', 455.01, 235),
(821, 'Diccionario 907', 'Libros', 1430.92, 53),
(822, 'Puzzle 264', 'Juguetes', 650.12, 92),
(823, 'Muñeca 560', 'Juguetes', 374.00, 1),
(824, 'Raqueta 675', 'Deportes', 1178.84, 65),
(825, 'Cereal 924', 'Alimentación', 1317.55, 155),
(826, 'Leche 149', 'Alimentación', 1226.03, 429),
(827, 'Cereal 309', 'Alimentación', 1149.62, 322),
(828, 'Chaqueta 960', 'Ropa', 1051.82, 180),
(829, 'Ensayo 534', 'Libros', 411.73, 412),
(830, 'Biografía 848', 'Libros', 535.01, 61),
(831, 'Cámara 832', 'Electrónica', 1247.25, 243),
(832, 'Tablet 507', 'Electrónica', 1254.22, 297),
(833, 'Aceite 323', 'Alimentación', 593.53, 105),
(834, 'Cinta de correr 545', 'Deportes', 1430.12, 371),
(835, 'Televisor 623', 'Electrónica', 1108.99, 84),
(836, 'Raqueta 193', 'Deportes', 941.92, 315),
(837, 'Leche 504', 'Alimentación', 1020.64, 400),
(838, 'Chaqueta 321', 'Ropa', 1471.43, 247),
(839, 'Pelota 193', 'Juguetes', 922.68, 344),
(840, 'Raqueta 425', 'Deportes', 977.71, 171),
(841, 'Ratón 946', 'Informática', 1298.79, 94),
(842, 'Zapatos 750', 'Ropa', 1225.68, 229),
(843, 'Gorra 961', 'Ropa', 1145.68, 73),
(844, 'Bicicleta 599', 'Deportes', 521.02, 212),
(845, 'Cojín 699', 'Hogar', 1365.25, 117),
(846, 'Ratón 202', 'Informática', 583.61, 125),
(847, 'Cereal 762', 'Alimentación', 248.27, 136),
(848, 'Raqueta 305', 'Deportes', 536.62, 205),
(849, 'Smartphone 873', 'Electrónica', 143.88, 369),
(850, 'Coche de juguete 129', 'Juguetes', 1495.35, 209),
(851, 'Cama 695', 'Hogar', 629.88, 341),
(852, 'Novela 708', 'Libros', 244.58, 240),
(853, 'Aceite 823', 'Alimentación', 1021.12, 449),
(854, 'Ensayo 450', 'Libros', 1211.59, 23),
(855, 'Camiseta 868', 'Ropa', 199.87, 393),
(856, 'Lámpara 959', 'Hogar', 918.54, 386),
(857, 'Manual 221', 'Libros', 169.67, 217),
(858, 'Cinta de correr 835', 'Deportes', 1217.30, 199),
(859, 'Cereal 493', 'Alimentación', 1192.05, 37),
(860, 'Cómic 325', 'Libros', 124.38, 454),
(861, 'Smartphone 158', 'Electrónica', 170.39, 449),
(862, 'Pasta 681', 'Alimentación', 566.90, 423),
(863, 'Disco Duro 725', 'Informática', 1072.14, 208),
(864, 'Patines 830', 'Deportes', 991.22, 166),
(865, 'Lego 770', 'Juguetes', 1123.11, 71),
(866, 'Raqueta 371', 'Deportes', 791.36, 216),
(867, 'Puzzle 911', 'Juguetes', 65.58, 281),
(868, 'Ratón 911', 'Informática', 636.18, 463),
(869, 'Smartphone 282', 'Electrónica', 929.63, 428),
(870, 'Cinta de correr 169', 'Deportes', 612.04, 435),
(871, 'Lego 528', 'Juguetes', 488.73, 350),
(872, 'Altavoz 960', 'Electrónica', 196.52, 218),
(873, 'Armario 960', 'Hogar', 312.06, 467),
(874, 'Raqueta 251', 'Deportes', 539.01, 104),
(875, 'Biografía 673', 'Libros', 339.98, 221),
(876, 'Cama 186', 'Hogar', 457.02, 1),
(877, 'Camiseta 203', 'Ropa', 650.38, 160),
(878, 'Cámara 952', 'Electrónica', 1111.53, 456),
(879, 'Raqueta 869', 'Deportes', 34.05, 196),
(880, 'Drone infantil 259', 'Juguetes', 1255.20, 107),
(881, 'Puzzle 863', 'Juguetes', 1491.58, 338),
(882, 'Impresora 310', 'Informática', 909.39, 119),
(883, 'Raqueta 656', 'Deportes', 1102.50, 336),
(884, 'Cojín 353', 'Hogar', 267.06, 96),
(885, 'Arroz 107', 'Alimentación', 841.06, 262),
(886, 'Drone infantil 865', 'Juguetes', 255.56, 231),
(887, 'Televisor 854', 'Electrónica', 858.59, 469),
(888, 'Cojín 248', 'Hogar', 1499.04, 189),
(889, 'Cinta de correr 152', 'Deportes', 1269.32, 121),
(890, 'Impresora 874', 'Informática', 1198.40, 14),
(891, 'Arroz 486', 'Alimentación', 1038.34, 372),
(892, 'Silla 764', 'Hogar', 407.78, 365),
(893, 'Chaqueta 179', 'Ropa', 186.55, 31),
(894, 'Diccionario 309', 'Libros', 424.94, 474),
(895, 'Cama 616', 'Hogar', 144.07, 431),
(896, 'Bufanda 185', 'Ropa', 1369.90, 26),
(897, 'Lego 463', 'Juguetes', 844.42, 410),
(898, 'Cinta de correr 668', 'Deportes', 618.78, 286),
(899, 'Zapatos 247', 'Ropa', 750.37, 223),
(900, 'Balón 703', 'Deportes', 128.68, 340),
(901, 'Lámpara 829', 'Hogar', 1027.66, 345),
(902, 'Lego 755', 'Juguetes', 707.28, 115),
(903, 'Arroz 840', 'Alimentación', 704.53, 298),
(904, 'Ratón 766', 'Informática', 103.57, 368),
(905, 'Cama 930', 'Hogar', 1417.54, 72),
(906, 'Impresora 639', 'Informática', 604.08, 336),
(907, 'Raqueta 306', 'Deportes', 931.46, 115),
(908, 'Cinta de correr 717', 'Deportes', 739.47, 278),
(909, 'Cámara 904', 'Electrónica', 1483.77, 233),
(910, 'Monitor 536', 'Informática', 1193.27, 124),
(911, 'Ratón 573', 'Informática', 1405.95, 455),
(912, 'Zapatos 874', 'Ropa', 859.67, 385),
(913, 'Arroz 131', 'Alimentación', 196.75, 435),
(914, 'Pasta 403', 'Alimentación', 1392.20, 357),
(915, 'Café 143', 'Alimentación', 244.55, 46),
(916, 'Cámara 243', 'Electrónica', 545.40, 172),
(917, 'Mesa 178', 'Hogar', 1447.89, 108),
(918, 'Cómic 605', 'Libros', 1441.56, 165),
(919, 'Televisor 334', 'Electrónica', 552.58, 352),
(920, 'Cámara 391', 'Electrónica', 633.47, 76),
(921, 'Arroz 776', 'Alimentación', 975.61, 192),
(922, 'Diccionario 701', 'Libros', 528.63, 307),
(923, 'Biografía 153', 'Libros', 365.88, 410),
(924, 'Teclado 834', 'Informática', 925.09, 123),
(925, 'Leche 769', 'Alimentación', 1484.25, 389),
(926, 'Lámpara 840', 'Hogar', 625.27, 153),
(927, 'Puzzle 899', 'Juguetes', 603.76, 62),
(928, 'Biografía 404', 'Libros', 1410.69, 66),
(929, 'Leche 568', 'Alimentación', 413.83, 169),
(930, 'Puzzle 820', 'Juguetes', 59.66, 343),
(931, 'Pasta 849', 'Alimentación', 634.99, 119),
(932, 'Pesas 373', 'Deportes', 854.39, 2),
(933, 'Portátil 959', 'Informática', 211.00, 248),
(934, 'Silla 608', 'Hogar', 1296.11, 192),
(935, 'Leche 702', 'Alimentación', 1029.34, 15),
(936, 'Bicicleta 297', 'Deportes', 1166.54, 355),
(937, 'Tablet 342', 'Electrónica', 764.94, 412),
(938, 'Chaqueta 196', 'Ropa', 1432.54, 274),
(939, 'Cómic 175', 'Libros', 802.15, 204),
(940, 'Diccionario 509', 'Libros', 370.87, 231),
(941, 'Cómic 622', 'Libros', 808.28, 218),
(942, 'Televisor 584', 'Electrónica', 615.99, 444),
(943, 'Monitor 587', 'Informática', 402.61, 171),
(944, 'Tablet 513', 'Electrónica', 19.77, 72),
(945, 'Manual 450', 'Libros', 1334.86, 422),
(946, 'Ensayo 679', 'Libros', 447.18, 364),
(947, 'Café 307', 'Alimentación', 1135.79, 333),
(948, 'Puzzle 405', 'Juguetes', 1028.61, 278),
(949, 'Diccionario 955', 'Libros', 508.60, 297),
(950, 'Raqueta 881', 'Deportes', 1007.94, 96),
(951, 'Pasta 420', 'Alimentación', 967.17, 157),
(952, 'Cómic 786', 'Libros', 803.38, 352),
(953, 'Armario 661', 'Hogar', 1180.22, 160),
(954, 'Chaqueta 985', 'Ropa', 1019.88, 380),
(955, 'Patines 113', 'Deportes', 1305.72, 319),
(956, 'Portátil 790', 'Informática', 1339.93, 349),
(957, 'Auriculares 142', 'Electrónica', 698.80, 465),
(958, 'Bicicleta 500', 'Deportes', 1236.46, 344),
(959, 'Disco Duro 375', 'Informática', 355.30, 79),
(960, 'Televisor 979', 'Electrónica', 589.25, 277),
(961, 'Pantalón 918', 'Ropa', 1260.07, 212),
(962, 'Teclado 258', 'Informática', 466.88, 350),
(963, 'Diccionario 258', 'Libros', 422.01, 230),
(964, 'Bufanda 857', 'Ropa', 1499.86, 423),
(965, 'Lámpara 615', 'Hogar', 377.89, 32),
(966, 'Pelota 320', 'Juguetes', 674.65, 380),
(967, 'Leche 291', 'Alimentación', 1017.26, 245),
(968, 'Bicicleta 976', 'Deportes', 82.69, 143),
(969, 'Camiseta 943', 'Ropa', 172.55, 220),
(970, 'Puzzle 709', 'Juguetes', 1077.81, 296),
(971, 'Café 581', 'Alimentación', 332.28, 404),
(972, 'Altavoz 959', 'Electrónica', 1418.86, 200),
(973, 'Chaqueta 602', 'Ropa', 373.97, 115),
(974, 'Portátil 662', 'Informática', 365.71, 44),
(975, 'Biografía 907', 'Libros', 136.94, 449),
(976, 'Tablet 541', 'Electrónica', 538.90, 40),
(977, 'Silla 901', 'Hogar', 780.33, 348),
(978, 'Televisor 832', 'Electrónica', 302.23, 1),
(979, 'Lámpara 527', 'Hogar', 134.82, 447),
(980, 'Pantalón 914', 'Ropa', 514.44, 72),
(981, 'Cama 834', 'Hogar', 767.10, 90),
(982, 'Auriculares 414', 'Electrónica', 1000.95, 286),
(983, 'Coche de juguete 428', 'Juguetes', 931.49, 166),
(984, 'Cereal 558', 'Alimentación', 1374.35, 133),
(985, 'Teclado 886', 'Informática', 576.92, 75),
(986, 'Muñeca 266', 'Juguetes', 289.42, 378),
(987, 'Disco Duro 237', 'Informática', 1490.36, 249),
(988, 'Pasta 554', 'Alimentación', 131.35, 343),
(989, 'Drone infantil 396', 'Juguetes', 511.01, 292),
(990, 'Bufanda 396', 'Ropa', 502.41, 192),
(991, 'Cojín 303', 'Hogar', 1325.67, 392),
(992, 'Leche 582', 'Alimentación', 131.51, 399),
(993, 'Disco Duro 386', 'Informática', 968.22, 12),
(994, 'Gorra 891', 'Ropa', 1239.18, 258),
(995, 'Televisor 676', 'Electrónica', 635.13, 168),
(996, 'Teclado 815', 'Informática', 942.38, 245),
(997, 'Monitor 402', 'Informática', 495.81, 500),
(998, 'Altavoz 903', 'Electrónica', 257.14, 70),
(999, 'Puzzle 534', 'Juguetes', 67.40, 463),
(1000, 'Disco Duro 418', 'Informática', 1236.72, 436);

-- --------------------------------------------------------

--
-- Estructura de tabla para la tabla `movimientos`
--

CREATE TABLE `movimientos` (
  `id` int(11) NOT NULL,
  `id_producto` int(11) NOT NULL,
  `tipo` enum('ENTRADA','SALIDA') NOT NULL,
  `cantidad` int(11) NOT NULL,
  `fecha` timestamp NOT NULL DEFAULT current_timestamp()
) ENGINE=InnoDB DEFAULT CHARSET=utf8mb4 COLLATE=utf8mb4_general_ci;

--
-- Volcado de datos para la tabla `movimientos`
--

INSERT INTO `movimientos` (`id`, `id_producto`, `tipo`, `cantidad`, `fecha`) VALUES
(1, 45, 'ENTRADA', 120, '2019-01-12 09:30:00'),
(2, 67, 'SALIDA', 50, '2019-03-05 15:20:00'),
(3, 12, 'ENTRADA', 80, '2019-06-14 07:00:00'),
(4, 88, 'SALIDA', 30, '2019-08-19 12:15:00'),
(5, 301, 'ENTRADA', 200, '2020-02-11 10:45:00'),
(6, 15, 'SALIDA', 70, '2020-03-10 16:10:00'),
(7, 99, 'ENTRADA', 150, '2020-05-04 08:00:00'),
(8, 222, 'SALIDA', 40, '2020-06-18 11:30:00'),
(9, 431, 'ENTRADA', 90, '2020-07-21 13:00:00'),
(10, 178, 'SALIDA', 25, '2020-09-09 10:00:00'),
(11, 54, 'ENTRADA', 130, '2021-01-17 10:45:00'),
(12, 120, 'SALIDA', 45, '2021-02-25 08:10:00'),
(13, 312, 'ENTRADA', 210, '2021-04-03 12:00:00'),
(14, 765, 'SALIDA', 80, '2021-05-10 14:00:00'),
(15, 240, 'ENTRADA', 50, '2021-07-02 08:20:00'),
(16, 90, 'SALIDA', 20, '2021-09-15 09:30:00'),
(17, 333, 'ENTRADA', 300, '2021-11-09 12:00:00'),
(18, 415, 'SALIDA', 90, '2021-12-21 16:45:00'),
(19, 120, 'ENTRADA', 70, '2022-01-14 07:15:00'),
(20, 870, 'SALIDA', 25, '2022-02-10 08:40:00'),
(21, 62, 'ENTRADA', 180, '2022-03-18 11:20:00'),
(22, 11, 'SALIDA', 40, '2022-04-05 13:10:00'),
(23, 250, 'ENTRADA', 100, '2022-05-09 08:30:00'),
(24, 334, 'SALIDA', 55, '2022-06-16 11:50:00'),
(25, 85, 'ENTRADA', 95, '2022-07-28 07:30:00'),
(26, 470, 'SALIDA', 35, '2022-08-19 14:20:00'),
(27, 499, 'ENTRADA', 220, '2022-09-25 08:00:00'),
(28, 16, 'SALIDA', 60, '2022-10-07 13:40:00'),
(29, 611, 'ENTRADA', 125, '2022-11-12 08:20:00'),
(30, 710, 'SALIDA', 45, '2022-12-22 10:50:00'),
(31, 899, 'ENTRADA', 310, '2023-01-06 07:30:00'),
(32, 310, 'SALIDA', 100, '2023-02-03 13:00:00'),
(33, 134, 'ENTRADA', 140, '2023-03-25 09:10:00'),
(34, 523, 'SALIDA', 80, '2023-04-30 15:15:00'),
(35, 205, 'ENTRADA', 75, '2023-05-11 07:00:00'),
(36, 69, 'SALIDA', 55, '2023-06-18 13:30:00'),
(37, 433, 'ENTRADA', 95, '2023-07-22 11:10:00'),
(38, 512, 'SALIDA', 40, '2023-08-03 10:00:00'),
(39, 700, 'ENTRADA', 200, '2023-09-11 14:45:00'),
(40, 81, 'SALIDA', 30, '2023-10-15 07:15:00'),
(41, 90, 'ENTRADA', 160, '2023-11-04 09:40:00'),
(42, 125, 'SALIDA', 50, '2023-12-01 10:10:00'),
(43, 330, 'ENTRADA', 180, '2024-01-08 13:30:00'),
(44, 420, 'SALIDA', 70, '2024-02-18 15:00:00'),
(45, 512, 'ENTRADA', 250, '2024-03-20 08:20:00'),
(46, 612, 'SALIDA', 120, '2024-04-29 09:15:00'),
(47, 310, 'ENTRADA', 130, '2024-05-17 11:00:00'),
(48, 29, 'SALIDA', 60, '2024-06-10 15:25:00'),
(49, 433, 'ENTRADA', 210, '2024-07-08 06:30:00'),
(50, 500, 'SALIDA', 80, '2024-08-03 08:45:00'),
(51, 61, 'ENTRADA', 170, '2024-09-19 13:00:00'),
(52, 72, 'SALIDA', 65, '2024-10-21 07:40:00'),
(53, 105, 'ENTRADA', 120, '2024-11-12 12:30:00'),
(54, 144, 'SALIDA', 90, '2024-12-03 16:15:00'),
(55, 210, 'ENTRADA', 100, '2025-01-19 08:20:00'),
(56, 309, 'SALIDA', 50, '2025-02-04 10:10:00'),
(57, 115, 'ENTRADA', 90, '2025-02-25 13:00:00'),
(58, 209, 'SALIDA', 40, '2025-03-06 15:30:00'),
(59, 110, 'ENTRADA', 150, '2025-03-28 08:00:00'),
(60, 220, 'SALIDA', 60, '2025-04-17 08:10:00'),
(61, 130, 'ENTRADA', 250, '2025-05-01 10:40:00'),
(62, 330, 'SALIDA', 70, '2025-05-16 11:15:00'),
(63, 444, 'ENTRADA', 180, '2025-06-03 13:00:00'),
(64, 555, 'SALIDA', 50, '2025-06-14 14:10:00'),
(65, 666, 'ENTRADA', 190, '2025-07-05 07:45:00'),
(66, 777, 'SALIDA', 80, '2025-07-20 09:00:00'),
(67, 888, 'ENTRADA', 100, '2025-08-09 10:30:00'),
(68, 899, 'SALIDA', 60, '2025-08-22 15:20:00'),
(69, 720, 'ENTRADA', 130, '2025-09-04 07:10:00'),
(70, 640, 'SALIDA', 55, '2025-09-12 13:15:00'),
(71, 580, 'ENTRADA', 210, '2025-09-29 11:30:00'),
(72, 570, 'SALIDA', 90, '2025-10-03 08:20:00'),
(73, 430, 'ENTRADA', 180, '2025-10-10 09:40:00'),
(74, 410, 'SALIDA', 75, '2025-10-20 07:30:00'),
(75, 310, 'ENTRADA', 160, '2025-10-25 08:50:00'),
(76, 290, 'SALIDA', 40, '2025-10-28 14:00:00'),
(77, 270, 'ENTRADA', 100, '2025-11-01 13:15:00'),
(78, 250, 'SALIDA', 60, '2025-11-03 15:40:00'),
(79, 240, 'ENTRADA', 90, '2025-11-04 08:30:00'),
(80, 220, 'SALIDA', 30, '2025-11-05 12:20:00'),
(81, 210, 'ENTRADA', 80, '2025-11-06 09:00:00'),
(82, 200, 'SALIDA', 45, '2025-11-06 10:50:00'),
(83, 190, 'ENTRADA', 150, '2025-11-06 12:10:00'),
(84, 180, 'SALIDA', 50, '2025-11-06 14:40:00'),
(85, 170, 'ENTRADA', 200, '2025-11-06 15:30:00'),
(86, 160, 'SALIDA', 90, '2025-11-06 16:00:00'),
(87, 150, 'ENTRADA', 110, '2025-11-06 16:30:00'),
(88, 140, 'SALIDA', 70, '2025-11-06 17:00:00'),
(89, 130, 'ENTRADA', 60, '2025-11-06 17:20:00'),
(90, 120, 'SALIDA', 40, '2025-11-06 17:30:00'),
(91, 110, 'ENTRADA', 90, '2025-11-06 17:40:00'),
(92, 100, 'SALIDA', 55, '2025-11-06 17:50:00'),
(93, 90, 'ENTRADA', 120, '2025-11-06 18:00:00'),
(94, 80, 'SALIDA', 60, '2025-11-06 18:10:00'),
(95, 70, 'ENTRADA', 150, '2025-11-06 18:20:00'),
(96, 60, 'SALIDA', 65, '2025-11-06 18:30:00'),
(97, 50, 'ENTRADA', 140, '2025-11-06 18:40:00'),
(98, 40, 'SALIDA', 50, '2025-11-06 18:50:00'),
(99, 30, 'ENTRADA', 130, '2025-11-06 19:00:00'),
(100, 20, 'SALIDA', 40, '2025-11-06 19:10:00'),
(101, 10, 'ENTRADA', 120, '2025-11-06 19:20:00');

-- --------------------------------------------------------

--
-- Estructura de tabla para la tabla `productos`
--

CREATE TABLE `productos` (
  `id` int(11) NOT NULL,
  `nombre` varchar(100) NOT NULL,
  `categoria_id` int(11) NOT NULL,
  `stock` int(11) DEFAULT 0,
  `precio` decimal(10,2) NOT NULL
) ;

--
-- Volcado de datos para la tabla `productos`
--

INSERT INTO `productos` (`id`, `nombre`, `categoria_id`, `stock`, `precio`) VALUES
(1, 'Auriculares 212', 1, 423, 1322.25),
(2, 'Gorra 629', 2, 116, 745.71),
(3, 'Portátil 670', 3, 261, 1082.42),
(4, 'Zapatos 881', 2, 151, 1011.90),
(5, 'Altavoz 997', 1, 392, 1103.48),
(6, 'Cojín 339', 4, 306, 96.31),
(7, 'Gorra 892', 2, 364, 227.31),
(8, 'Leche 929', 5, 233, 1168.64),
(9, 'Bufanda 573', 2, 156, 1303.72),
(10, 'Cereal 576', 5, 461, 1489.93),
(11, 'Ratón 873', 3, 347, 747.53),
(12, 'Café 278', 5, 113, 602.67),
(13, 'Arroz 879', 5, 224, 409.27),
(14, 'Portátil 733', 3, 487, 691.92),
(15, 'Bicicleta 367', 6, 191, 1053.87),
(16, 'Impresora 599', 3, 172, 364.67),
(17, 'Impresora 255', 3, 85, 444.00),
(18, 'Bufanda 578', 2, 11, 248.34),
(19, 'Café 443', 5, 234, 755.43),
(20, 'Bufanda 120', 2, 3, 567.54),
(21, 'Ratón 681', 3, 424, 1470.86),
(22, 'Camiseta 678', 2, 202, 481.11),
(23, 'Raqueta 173', 6, 154, 1251.60),
(24, 'Raqueta 621', 6, 272, 724.75),
(25, 'Smartphone 615', 1, 219, 1158.70),
(26, 'Lego 368', 7, 322, 1196.89),
(27, 'Biografía 488', 8, 26, 224.56),
(28, 'Pelota 599', 7, 258, 1001.27),
(29, 'Lámpara 699', 4, 82, 745.34),
(30, 'Arroz 218', 5, 338, 987.39),
(31, 'Mesa 335', 4, 58, 134.96),
(32, 'Puzzle 667', 7, 425, 651.47),
(33, 'Coche de juguete 745', 7, 353, 292.29),
(34, 'Aceite 870', 5, 306, 848.63),
(35, 'Camiseta 464', 2, 38, 532.56),
(36, 'Gorra 727', 2, 263, 403.64),
(37, 'Leche 363', 5, 470, 1257.21),
(38, 'Teclado 218', 3, 185, 389.44),
(39, 'Portátil 116', 3, 240, 1020.97),
(40, 'Bicicleta 409', 6, 230, 1495.10),
(41, 'Cámara 430', 1, 347, 551.66),
(42, 'Disco Duro 523', 3, 286, 986.72),
(43, 'Teclado 680', 3, 281, 1067.47),
(44, 'Auriculares 810', 1, 364, 1435.01),
(45, 'Novela 832', 8, 378, 437.62),
(46, 'Cojín 333', 4, 374, 646.99),
(47, 'Disco Duro 589', 3, 184, 1148.90),
(48, 'Lámpara 613', 4, 283, 1285.56),
(49, 'Camiseta 839', 2, 468, 915.94),
(50, 'Cojín 803', 4, 193, 1370.14),
(51, 'Monitor 417', 3, 342, 637.32),
(52, 'Teclado 330', 3, 266, 1292.57),
(53, 'Armario 176', 4, 423, 891.25),
(54, 'Disco Duro 759', 3, 26, 583.88),
(55, 'Cómic 516', 8, 466, 1248.26),
(56, 'Monitor 565', 3, 315, 1334.53),
(57, 'Lámpara 269', 4, 406, 1374.18),
(58, 'Cinta de correr 812', 6, 371, 436.58),
(59, 'Portátil 113', 3, 431, 210.12),
(60, 'Cereal 599', 5, 216, 1146.37),
(61, 'Pesas 379', 6, 216, 693.52),
(62, 'Auriculares 792', 1, 286, 1316.24),
(63, 'Teclado 941', 3, 158, 92.34),
(64, 'Gorra 271', 2, 469, 1186.80),
(65, 'Monitor 383', 3, 40, 650.59),
(66, 'Pasta 605', 5, 232, 322.80),
(67, 'Cámara 906', 1, 359, 44.28),
(68, 'Cereal 238', 5, 47, 187.25),
(69, 'Raqueta 172', 6, 257, 671.24),
(70, 'Zapatos 998', 2, 62, 1008.94),
(71, 'Leche 223', 5, 267, 521.61),
(72, 'Drone infantil 906', 7, 108, 165.59),
(73, 'Camiseta 968', 2, 43, 241.86),
(74, 'Tablet 691', 1, 238, 599.56),
(75, 'Diccionario 853', 8, 213, 1339.48),
(76, 'Café 223', 5, 148, 497.38),
(77, 'Novela 492', 8, 268, 831.63),
(78, 'Disco Duro 159', 3, 276, 898.56),
(79, 'Mesa 849', 4, 324, 890.71),
(80, 'Patines 680', 6, 17, 904.29),
(81, 'Gorra 683', 2, 321, 924.65),
(82, 'Café 601', 5, 310, 1471.97),
(83, 'Televisor 461', 1, 494, 665.11),
(84, 'Pasta 734', 5, 72, 505.48),
(85, 'Mesa 868', 4, 194, 75.18),
(86, 'Balón 616', 6, 157, 1197.22),
(87, 'Gorra 308', 2, 462, 211.16),
(88, 'Arroz 975', 5, 348, 465.42),
(89, 'Auriculares 788', 1, 99, 219.95),
(90, 'Disco Duro 351', 3, 213, 1304.89),
(91, 'Pesas 924', 6, 192, 880.43),
(92, 'Coche de juguete 285', 7, 92, 1497.36),
(93, 'Novela 322', 8, 115, 1179.30),
(94, 'Leche 342', 5, 96, 507.57),
(95, 'Pesas 465', 6, 392, 1263.89),
(96, 'Mesa 910', 4, 375, 1091.40),
(97, 'Ensayo 245', 8, 254, 725.51),
(98, 'Lego 895', 7, 242, 190.69),
(99, 'Lámpara 605', 4, 309, 310.96),
(100, 'Impresora 170', 3, 480, 975.70),
(101, 'Biografía 348', 8, 300, 597.91),
(102, 'Cómic 770', 8, 277, 104.59),
(103, 'Diccionario 356', 8, 142, 1062.24),
(104, 'Auriculares 836', 1, 1, 219.55),
(105, 'Ratón 933', 3, 286, 564.30),
(106, 'Cereal 771', 5, 94, 1119.47),
(107, 'Lámpara 111', 4, 396, 311.21),
(108, 'Muñeca 211', 7, 226, 1299.13),
(109, 'Pesas 670', 6, 368, 1427.54),
(110, 'Ratón 303', 3, 247, 77.44),
(111, 'Coche de juguete 648', 7, 127, 442.85),
(112, 'Cama 664', 4, 77, 1355.76),
(113, 'Cinta de correr 523', 6, 267, 405.96),
(114, 'Raqueta 717', 6, 13, 226.01),
(115, 'Novela 207', 8, 475, 1161.21),
(116, 'Monitor 896', 3, 199, 992.42),
(117, 'Bicicleta 748', 6, 37, 1290.28),
(118, 'Disco Duro 105', 3, 54, 746.80),
(119, 'Manual 858', 8, 186, 86.75),
(120, 'Smartphone 983', 1, 200, 172.26),
(121, 'Impresora 822', 3, 18, 54.19),
(122, 'Ratón 324', 3, 287, 910.78),
(123, 'Silla 625', 4, 433, 424.02),
(124, 'Tablet 919', 1, 429, 1452.81),
(125, 'Silla 506', 4, 253, 154.73),
(126, 'Cinta de correr 557', 6, 349, 485.63),
(127, 'Auriculares 141', 1, 72, 530.73),
(128, 'Tablet 996', 1, 375, 1213.62),
(129, 'Cinta de correr 829', 6, 406, 312.54),
(130, 'Leche 378', 5, 264, 877.39),
(131, 'Patines 648', 6, 364, 72.15),
(132, 'Impresora 881', 3, 98, 1171.45),
(133, 'Novela 166', 8, 113, 1102.65),
(134, 'Chaqueta 636', 2, 171, 229.10),
(135, 'Leche 272', 5, 491, 363.05),
(136, 'Televisor 427', 1, 270, 851.69),
(137, 'Diccionario 360', 8, 295, 662.46),
(138, 'Coche de juguete 794', 7, 326, 503.25),
(139, 'Café 848', 5, 386, 720.33),
(140, 'Cámara 587', 1, 80, 691.92),
(141, 'Chaqueta 799', 2, 384, 86.08),
(142, 'Manual 991', 8, 212, 895.96),
(143, 'Leche 352', 5, 310, 130.70),
(144, 'Balón 826', 6, 472, 586.57),
(145, 'Novela 633', 8, 187, 875.97),
(146, 'Pantalón 389', 2, 352, 460.78),
(147, 'Aceite 789', 5, 21, 1350.83),
(148, 'Bufanda 582', 2, 78, 1316.77),
(149, 'Ensayo 381', 8, 429, 1409.40),
(150, 'Disco Duro 414', 3, 484, 519.90),
(151, 'Chaqueta 801', 2, 355, 816.33),
(152, 'Lego 296', 7, 159, 1314.74),
(153, 'Altavoz 128', 1, 177, 1459.01),
(154, 'Lego 896', 7, 23, 315.50),
(155, 'Portátil 866', 3, 430, 1156.85),
(156, 'Café 545', 5, 434, 1019.52),
(157, 'Ratón 592', 3, 92, 790.54),
(158, 'Silla 346', 4, 169, 145.38),
(159, 'Tablet 585', 1, 272, 219.56),
(160, 'Aceite 323', 5, 380, 668.19),
(161, 'Mesa 638', 4, 224, 346.77),
(162, 'Mesa 384', 4, 107, 265.91),
(163, 'Cereal 478', 5, 433, 1099.20),
(164, 'Ratón 112', 3, 177, 1136.84),
(165, 'Disco Duro 515', 3, 405, 115.88),
(166, 'Gorra 745', 2, 39, 1121.02),
(167, 'Pesas 271', 6, 437, 1495.84),
(168, 'Smartphone 243', 1, 381, 1267.80),
(169, 'Cinta de correr 352', 6, 322, 1162.79),
(170, 'Mesa 437', 4, 129, 359.59),
(171, 'Camiseta 450', 2, 99, 82.17),
(172, 'Ensayo 334', 8, 339, 1195.59),
(173, 'Biografía 872', 8, 90, 217.90),
(174, 'Bicicleta 461', 6, 197, 1454.38),
(175, 'Aceite 849', 5, 4, 59.52),
(176, 'Impresora 880', 3, 358, 1132.19),
(177, 'Ratón 209', 3, 54, 205.94),
(178, 'Cómic 238', 8, 62, 414.97),
(179, 'Auriculares 406', 1, 79, 759.17),
(180, 'Balón 813', 6, 168, 326.80),
(181, 'Diccionario 653', 8, 320, 1473.71),
(182, 'Monitor 461', 3, 30, 22.40),
(183, 'Camiseta 275', 2, 141, 768.26),
(184, 'Impresora 767', 3, 428, 489.86),
(185, 'Café 730', 5, 62, 899.76),
(186, 'Auriculares 730', 1, 42, 550.43),
(187, 'Novela 294', 8, 200, 1064.13),
(188, 'Camiseta 249', 2, 494, 1476.00),
(189, 'Arroz 265', 5, 108, 385.37),
(190, 'Coche de juguete 747', 7, 178, 342.41),
(191, 'Patines 429', 6, 55, 11.56),
(192, 'Manual 238', 8, 77, 492.15),
(193, 'Mesa 311', 4, 165, 974.70),
(194, 'Café 633', 5, 231, 815.32),
(195, 'Coche de juguete 264', 7, 319, 265.93),
(196, 'Cojín 483', 4, 181, 128.68),
(197, 'Camiseta 604', 2, 459, 1298.98),
(198, 'Puzzle 672', 7, 13, 460.02),
(199, 'Balón 130', 6, 445, 1042.98),
(200, 'Mesa 466', 4, 316, 420.86),
(201, 'Pantalón 934', 2, 493, 649.72),
(202, 'Chaqueta 252', 2, 293, 1475.77),
(203, 'Pesas 516', 6, 475, 985.81),
(204, 'Portátil 991', 3, 277, 509.19),
(205, 'Raqueta 347', 6, 214, 970.48),
(206, 'Café 851', 5, 404, 1121.66),
(207, 'Ratón 258', 3, 69, 936.02),
(208, 'Silla 602', 4, 231, 782.55),
(209, 'Altavoz 736', 1, 320, 216.74),
(210, 'Cinta de correr 271', 6, 14, 397.13),
(211, 'Tablet 848', 1, 365, 255.63),
(212, 'Bufanda 914', 2, 445, 603.31),
(213, 'Muñeca 469', 7, 406, 1028.98),
(214, 'Zapatos 886', 2, 428, 911.18),
(215, 'Chaqueta 543', 2, 239, 905.39),
(216, 'Manual 489', 8, 251, 1104.39),
(217, 'Diccionario 812', 8, 113, 1130.46),
(218, 'Cámara 653', 1, 205, 1345.80),
(219, 'Drone infantil 862', 7, 368, 183.25),
(220, 'Cámara 715', 1, 302, 8.46),
(221, 'Monitor 959', 3, 188, 545.25),
(222, 'Cámara 307', 1, 474, 402.63),
(223, 'Ensayo 864', 8, 95, 1050.54),
(224, 'Cámara 495', 1, 167, 304.91),
(225, 'Portátil 576', 3, 483, 809.56),
(226, 'Cámara 996', 1, 88, 1205.31),
(227, 'Armario 278', 4, 338, 197.71),
(228, 'Pantalón 903', 2, 240, 42.36),
(229, 'Patines 203', 6, 496, 357.67),
(230, 'Pasta 518', 5, 223, 919.44),
(231, 'Portátil 756', 3, 129, 398.05),
(232, 'Cinta de correr 669', 6, 499, 131.33),
(233, 'Auriculares 274', 1, 495, 416.68),
(234, 'Drone infantil 104', 7, 73, 808.78),
(235, 'Ratón 539', 3, 1, 902.38),
(236, 'Pantalón 517', 2, 120, 1110.97),
(237, 'Coche de juguete 753', 7, 30, 321.25),
(238, 'Teclado 298', 3, 393, 149.92),
(239, 'Cómic 388', 8, 200, 23.12),
(240, 'Raqueta 705', 6, 358, 472.25),
(241, 'Smartphone 663', 1, 108, 427.44),
(242, 'Pasta 827', 5, 206, 1045.12),
(243, 'Pasta 203', 5, 8, 1452.55),
(244, 'Altavoz 387', 1, 311, 200.93),
(245, 'Bufanda 209', 2, 296, 1243.11),
(246, 'Teclado 515', 3, 66, 1049.58),
(247, 'Bicicleta 123', 6, 381, 1474.49),
(248, 'Patines 171', 6, 75, 975.35),
(249, 'Novela 520', 8, 174, 226.39),
(250, 'Cinta de correr 536', 6, 32, 812.75),
(251, 'Manual 804', 8, 357, 165.40),
(252, 'Smartphone 810', 1, 107, 902.77),
(253, 'Mesa 406', 4, 349, 1410.21),
(254, 'Bufanda 795', 2, 208, 1344.95),
(255, 'Muñeca 847', 7, 279, 1269.96),
(256, 'Lámpara 493', 4, 287, 1272.74),
(257, 'Cereal 374', 5, 145, 1036.29),
(258, 'Raqueta 704', 6, 12, 1098.13),
(259, 'Pelota 771', 7, 231, 1366.91),
(260, 'Balón 931', 6, 185, 704.68),
(261, 'Portátil 904', 3, 154, 173.37),
(262, 'Coche de juguete 130', 7, 94, 807.48),
(263, 'Drone infantil 257', 7, 489, 36.22),
(264, 'Chaqueta 468', 2, 73, 938.12),
(265, 'Auriculares 395', 1, 107, 1110.26),
(266, 'Pesas 902', 6, 307, 766.14),
(267, 'Puzzle 896', 7, 406, 595.66),
(268, 'Pantalón 105', 2, 337, 963.88),
(269, 'Café 190', 5, 202, 1261.08),
(270, 'Cámara 963', 1, 88, 410.05),
(271, 'Manual 984', 8, 393, 1017.80),
(272, 'Mesa 768', 4, 318, 954.77),
(273, 'Raqueta 672', 6, 155, 1381.37),
(274, 'Pasta 531', 5, 200, 458.79),
(275, 'Bufanda 751', 2, 85, 815.35),
(276, 'Camiseta 746', 2, 240, 934.84),
(277, 'Raqueta 582', 6, 168, 753.09),
(278, 'Balón 984', 6, 427, 837.82),
(279, 'Portátil 742', 3, 57, 1429.32),
(280, 'Arroz 420', 5, 247, 727.94),
(281, 'Pelota 898', 7, 132, 718.56),
(282, 'Drone infantil 665', 7, 119, 11.49),
(283, 'Mesa 217', 4, 288, 1457.41),
(284, 'Auriculares 755', 1, 316, 954.22),
(285, 'Manual 340', 8, 264, 686.18),
(286, 'Bufanda 391', 2, 310, 891.07),
(287, 'Camiseta 865', 2, 275, 1120.67),
(288, 'Cinta de correr 144', 6, 10, 455.73),
(289, 'Raqueta 543', 6, 300, 564.09),
(290, 'Muñeca 787', 7, 364, 586.06),
(291, 'Smartphone 933', 1, 85, 1042.89),
(292, 'Auriculares 888', 1, 4, 850.55),
(293, 'Gorra 710', 2, 490, 217.36),
(294, 'Auriculares 627', 1, 486, 41.09),
(295, 'Leche 159', 5, 343, 1425.42),
(296, 'Zapatos 833', 2, 208, 483.37),
(297, 'Impresora 519', 3, 83, 656.88),
(298, 'Pelota 905', 7, 423, 1177.50),
(299, 'Muñeca 594', 7, 425, 1107.91),
(300, 'Televisor 102', 1, 266, 346.35),
(301, 'Disco Duro 109', 3, 349, 405.96),
(302, 'Raqueta 889', 6, 165, 135.54),
(303, 'Arroz 421', 5, 401, 640.00),
(304, 'Cereal 814', 5, 273, 299.64),
(305, 'Cama 442', 4, 251, 1192.87),
(306, 'Leche 898', 5, 446, 1069.38),
(307, 'Zapatos 115', 2, 418, 1191.10),
(308, 'Diccionario 991', 8, 64, 433.08),
(309, 'Cama 564', 4, 47, 608.22),
(310, 'Camiseta 836', 2, 256, 589.95),
(311, 'Cámara 465', 1, 377, 1323.23),
(312, 'Silla 601', 4, 64, 1288.65),
(313, 'Bufanda 499', 2, 450, 384.28),
(314, 'Lámpara 973', 4, 222, 1478.47),
(315, 'Muñeca 689', 7, 27, 1073.49),
(316, 'Novela 253', 8, 362, 954.87),
(317, 'Patines 975', 6, 77, 1215.95),
(318, 'Chaqueta 633', 2, 75, 506.68),
(319, 'Mesa 847', 4, 408, 1072.70),
(320, 'Gorra 525', 2, 107, 991.95),
(321, 'Zapatos 947', 2, 191, 1168.24),
(322, 'Monitor 865', 3, 74, 1397.08),
(323, 'Tablet 261', 1, 35, 1375.20),
(324, 'Novela 551', 8, 114, 12.90),
(325, 'Mesa 113', 4, 473, 1372.85),
(326, 'Muñeca 685', 7, 500, 331.81),
(327, 'Cómic 396', 8, 459, 953.23),
(328, 'Patines 213', 6, 113, 1489.70),
(329, 'Aceite 474', 5, 305, 365.61),
(330, 'Disco Duro 929', 3, 381, 151.78),
(331, 'Puzzle 527', 7, 438, 443.35),
(332, 'Muñeca 757', 7, 115, 354.79),
(333, 'Cojín 867', 4, 450, 1467.70),
(334, 'Pelota 813', 7, 329, 1147.40),
(335, 'Disco Duro 188', 3, 16, 323.67),
(336, 'Tablet 641', 1, 433, 444.98),
(337, 'Bicicleta 419', 6, 451, 873.40),
(338, 'Pantalón 877', 2, 400, 231.03),
(339, 'Leche 643', 5, 113, 1479.71),
(340, 'Cama 487', 4, 259, 55.93),
(341, 'Armario 620', 4, 316, 379.40),
(342, 'Manual 286', 8, 338, 838.91),
(343, 'Silla 752', 4, 243, 874.09),
(344, 'Mesa 424', 4, 335, 956.63),
(345, 'Patines 439', 6, 397, 558.49),
(346, 'Armario 771', 4, 235, 235.64),
(347, 'Cinta de correr 279', 6, 393, 692.81),
(348, 'Impresora 692', 3, 313, 1449.90),
(349, 'Aceite 735', 5, 159, 766.58),
(350, 'Balón 871', 6, 348, 639.50),
(351, 'Coche de juguete 204', 7, 28, 1086.39),
(352, 'Televisor 772', 1, 492, 396.89),
(353, 'Cinta de correr 614', 6, 29, 175.12),
(354, 'Gorra 600', 2, 230, 22.19),
(355, 'Pantalón 541', 2, 81, 1151.84),
(356, 'Altavoz 726', 1, 202, 352.70),
(357, 'Lámpara 430', 4, 349, 351.91),
(358, 'Arroz 895', 5, 486, 475.81),
(359, 'Café 404', 5, 475, 856.46),
(360, 'Monitor 169', 3, 85, 629.56),
(361, 'Patines 113', 6, 2, 678.18),
(362, 'Zapatos 230', 2, 242, 1010.65),
(363, 'Coche de juguete 644', 7, 111, 567.47),
(364, 'Smartphone 179', 1, 4, 73.70),
(365, 'Puzzle 606', 7, 127, 669.11),
(366, 'Cinta de correr 825', 6, 6, 437.75),
(367, 'Monitor 412', 3, 70, 1428.33),
(368, 'Bufanda 244', 2, 357, 677.55),
(369, 'Auriculares 516', 1, 463, 1129.83),
(370, 'Cómic 564', 8, 207, 734.76),
(371, 'Teclado 649', 3, 91, 349.75),
(372, 'Silla 426', 4, 468, 741.96),
(373, 'Cómic 492', 8, 254, 130.78),
(374, 'Cámara 552', 1, 497, 161.63),
(375, 'Pelota 116', 7, 190, 311.91),
(376, 'Drone infantil 201', 7, 108, 689.09),
(377, 'Coche de juguete 324', 7, 3, 619.28),
(378, 'Cinta de correr 366', 6, 411, 1175.93),
(379, 'Auriculares 370', 1, 333, 1162.90),
(380, 'Zapatos 238', 2, 200, 528.56),
(381, 'Diccionario 649', 8, 182, 174.94),
(382, 'Manual 499', 8, 371, 1302.03),
(383, 'Smartphone 910', 1, 337, 1209.95),
(384, 'Auriculares 748', 1, 438, 1372.93),
(385, 'Disco Duro 805', 3, 213, 513.67),
(386, 'Chaqueta 475', 2, 411, 675.36),
(387, 'Impresora 331', 3, 133, 1308.28),
(388, 'Altavoz 516', 1, 458, 196.12),
(389, 'Pesas 274', 6, 126, 601.87),
(390, 'Pesas 638', 6, 456, 170.24),
(391, 'Diccionario 950', 8, 207, 124.08),
(392, 'Auriculares 850', 1, 351, 6.06),
(393, 'Café 132', 5, 258, 1284.42),
(394, 'Novela 614', 8, 12, 343.80),
(395, 'Cereal 640', 5, 108, 202.02),
(396, 'Bicicleta 122', 6, 134, 765.41),
(397, 'Mesa 770', 4, 109, 369.56),
(398, 'Altavoz 879', 1, 178, 1115.39),
(399, 'Biografía 933', 8, 69, 438.08),
(400, 'Cereal 317', 5, 109, 496.79),
(401, 'Portátil 323', 3, 63, 658.71),
(402, 'Tablet 151', 1, 156, 965.16),
(403, 'Pantalón 337', 2, 134, 596.85),
(404, 'Televisor 396', 1, 292, 1163.24),
(405, 'Chaqueta 196', 2, 342, 1487.19),
(406, 'Lámpara 759', 4, 238, 1172.14),
(407, 'Cereal 821', 5, 324, 721.75),
(408, 'Monitor 846', 3, 189, 809.02),
(409, 'Manual 218', 8, 404, 413.84),
(410, 'Bicicleta 564', 6, 228, 942.33),
(411, 'Ensayo 302', 8, 171, 353.34),
(412, 'Monitor 837', 3, 28, 928.14),
(413, 'Cinta de correr 769', 6, 475, 1226.54),
(414, 'Leche 224', 5, 470, 1076.49),
(415, 'Chaqueta 687', 2, 496, 580.28),
(416, 'Café 562', 5, 351, 261.53),
(417, 'Balón 464', 6, 155, 600.51),
(418, 'Balón 857', 6, 216, 147.28),
(419, 'Pesas 615', 6, 347, 1202.09),
(420, 'Portátil 469', 3, 53, 1451.87),
(421, 'Lámpara 411', 4, 91, 1019.76),
(422, 'Aceite 593', 5, 153, 1350.96),
(423, 'Muñeca 420', 7, 89, 364.37),
(424, 'Cámara 288', 1, 196, 571.30),
(425, 'Pasta 375', 5, 90, 156.48),
(426, 'Coche de juguete 607', 7, 394, 383.30),
(427, 'Coche de juguete 550', 7, 412, 193.77),
(428, 'Puzzle 425', 7, 388, 79.69),
(429, 'Portátil 524', 3, 328, 764.43),
(430, 'Puzzle 500', 7, 341, 721.89),
(431, 'Muñeca 972', 7, 340, 1312.03),
(432, 'Leche 933', 5, 118, 1009.03),
(433, 'Pelota 235', 7, 281, 414.31),
(434, 'Coche de juguete 314', 7, 207, 451.53),
(435, 'Aceite 349', 5, 94, 651.00),
(436, 'Gorra 974', 2, 120, 405.79),
(437, 'Aceite 506', 5, 74, 466.06),
(438, 'Patines 901', 6, 458, 824.05),
(439, 'Arroz 169', 5, 450, 1176.25),
(440, 'Chaqueta 317', 2, 274, 775.27),
(441, 'Cereal 328', 5, 84, 415.86),
(442, 'Manual 765', 8, 185, 241.92),
(443, 'Pasta 404', 5, 386, 1134.53),
(444, 'Teclado 362', 3, 268, 1045.15),
(445, 'Televisor 635', 1, 138, 528.90),
(446, 'Cinta de correr 941', 6, 102, 1263.17),
(447, 'Puzzle 588', 7, 321, 533.84),
(448, 'Cereal 706', 5, 279, 558.31),
(449, 'Balón 775', 6, 494, 932.18),
(450, 'Cinta de correr 586', 6, 475, 513.21),
(451, 'Mesa 858', 4, 445, 591.88),
(452, 'Café 407', 5, 289, 645.14),
(453, 'Cinta de correr 421', 6, 179, 987.12),
(454, 'Cinta de correr 799', 6, 418, 1341.64),
(455, 'Cereal 778', 5, 463, 901.14),
(456, 'Pesas 500', 6, 415, 826.05),
(457, 'Biografía 142', 8, 337, 72.24),
(458, 'Tablet 500', 1, 113, 985.51),
(459, 'Auriculares 629', 1, 79, 1291.66),
(460, 'Armario 852', 4, 448, 1423.31),
(461, 'Portátil 842', 3, 165, 739.38),
(462, 'Lego 832', 7, 285, 608.99),
(463, 'Novela 143', 8, 477, 406.10),
(464, 'Bicicleta 443', 6, 110, 1111.26),
(465, 'Arroz 191', 5, 311, 1057.97),
(466, 'Ratón 770', 3, 123, 985.27),
(467, 'Balón 846', 6, 3, 876.91),
(468, 'Novela 954', 8, 159, 549.33),
(469, 'Patines 833', 6, 228, 1093.38),
(470, 'Impresora 305', 3, 54, 580.11),
(471, 'Coche de juguete 169', 7, 492, 945.19),
(472, 'Ratón 621', 3, 338, 1047.34),
(473, 'Televisor 727', 1, 411, 234.86),
(474, 'Pantalón 867', 2, 237, 420.56),
(475, 'Biografía 198', 8, 344, 767.44),
(476, 'Pasta 462', 5, 362, 298.46),
(477, 'Pantalón 685', 2, 424, 1096.98),
(478, 'Lego 108', 7, 202, 491.02),
(479, 'Auriculares 373', 1, 415, 59.55),
(480, 'Muñeca 283', 7, 77, 764.99),
(481, 'Pantalón 235', 2, 110, 1376.44),
(482, 'Monitor 101', 3, 324, 642.85),
(483, 'Altavoz 420', 1, 472, 988.71),
(484, 'Manual 417', 8, 462, 937.45),
(485, 'Armario 938', 4, 140, 252.51),
(486, 'Portátil 996', 3, 57, 983.43),
(487, 'Café 112', 5, 249, 1469.05),
(488, 'Raqueta 365', 6, 293, 1352.90),
(489, 'Lego 967', 7, 175, 610.70),
(490, 'Puzzle 509', 7, 158, 1051.59),
(491, 'Portátil 793', 3, 465, 500.91),
(492, 'Pasta 788', 5, 0, 358.78),
(493, 'Bufanda 659', 2, 253, 867.84),
(494, 'Monitor 797', 3, 171, 784.66),
(495, 'Televisor 762', 1, 127, 81.17),
(496, 'Camiseta 108', 2, 21, 1234.90),
(497, 'Camiseta 885', 2, 145, 135.33),
(498, 'Monitor 155', 3, 379, 1405.13),
(499, 'Pelota 435', 7, 237, 1070.60),
(500, 'Ensayo 532', 8, 244, 175.25),
(501, 'Pelota 400', 7, 152, 1450.85),
(502, 'Biografía 739', 8, 187, 1492.36),
(503, 'Ensayo 241', 8, 495, 594.50),
(504, 'Altavoz 480', 1, 400, 1402.52),
(505, 'Impresora 761', 3, 288, 6.97),
(506, 'Drone infantil 822', 7, 302, 929.12),
(507, 'Puzzle 596', 7, 204, 97.71),
(508, 'Lámpara 700', 4, 188, 989.64),
(509, 'Puzzle 320', 7, 101, 445.65),
(510, 'Aceite 264', 5, 294, 1081.69),
(511, 'Cereal 324', 5, 107, 1117.16),
(512, 'Balón 328', 6, 66, 410.41),
(513, 'Pasta 624', 5, 165, 1398.25),
(514, 'Pelota 492', 7, 283, 134.31),
(515, 'Silla 190', 4, 348, 1392.02),
(516, 'Coche de juguete 568', 7, 135, 847.41),
(517, 'Balón 243', 6, 256, 904.46),
(518, 'Teclado 991', 3, 389, 675.21),
(519, 'Diccionario 856', 8, 461, 29.82),
(520, 'Portátil 746', 3, 247, 538.48),
(521, 'Bufanda 520', 2, 387, 947.55),
(522, 'Puzzle 413', 7, 300, 782.55),
(523, 'Cereal 448', 5, 51, 1395.54),
(524, 'Pantalón 326', 2, 70, 915.43),
(525, 'Smartphone 244', 1, 261, 904.49),
(526, 'Drone infantil 683', 7, 281, 755.52),
(527, 'Arroz 539', 5, 62, 938.53),
(528, 'Auriculares 131', 1, 131, 1005.14),
(529, 'Lámpara 464', 4, 127, 853.86),
(530, 'Impresora 927', 3, 354, 1078.87),
(531, 'Patines 719', 6, 7, 461.02),
(532, 'Armario 626', 4, 21, 1108.30),
(533, 'Café 178', 5, 273, 786.73),
(534, 'Cómic 426', 8, 334, 1034.46),
(535, 'Armario 187', 4, 479, 108.56),
(536, 'Bicicleta 753', 6, 167, 1366.61),
(537, 'Aceite 412', 5, 330, 1048.52),
(538, 'Arroz 525', 5, 335, 636.44),
(539, 'Zapatos 331', 2, 468, 234.15),
(540, 'Cereal 535', 5, 405, 1448.09),
(541, 'Raqueta 470', 6, 347, 1097.11),
(542, 'Bicicleta 518', 6, 386, 682.81),
(543, 'Televisor 128', 1, 174, 1483.02),
(544, 'Camiseta 493', 2, 461, 950.85),
(545, 'Disco Duro 594', 3, 171, 1232.13),
(546, 'Ensayo 657', 8, 60, 740.55),
(547, 'Zapatos 594', 2, 215, 1207.16),
(548, 'Portátil 943', 3, 249, 1067.62),
(549, 'Biografía 950', 8, 59, 680.66),
(550, 'Altavoz 344', 1, 281, 781.60),
(551, 'Diccionario 137', 8, 499, 1280.84),
(552, 'Aceite 692', 5, 287, 845.53),
(553, 'Zapatos 710', 2, 486, 1253.73),
(554, 'Chaqueta 837', 2, 338, 441.13),
(555, 'Smartphone 416', 1, 376, 307.88),
(556, 'Armario 314', 4, 53, 441.05),
(557, 'Auriculares 304', 1, 240, 352.75),
(558, 'Lámpara 967', 4, 412, 1037.11),
(559, 'Disco Duro 887', 3, 260, 1028.97),
(560, 'Café 750', 5, 394, 849.90),
(561, 'Café 103', 5, 382, 942.66),
(562, 'Portátil 275', 3, 385, 503.70),
(563, 'Pantalón 538', 2, 454, 1323.91),
(564, 'Novela 181', 8, 379, 542.44),
(565, 'Monitor 804', 3, 359, 374.10),
(566, 'Televisor 867', 1, 329, 298.86),
(567, 'Lámpara 526', 4, 302, 83.21),
(568, 'Cinta de correr 211', 6, 137, 1387.85),
(569, 'Impresora 762', 3, 340, 499.97),
(570, 'Cómic 197', 8, 488, 1010.30),
(571, 'Pelota 780', 7, 96, 1165.40),
(572, 'Balón 138', 6, 322, 1202.28),
(573, 'Biografía 598', 8, 108, 557.11),
(574, 'Teclado 247', 3, 62, 737.65),
(575, 'Aceite 650', 5, 125, 550.52),
(576, 'Gorra 842', 2, 174, 888.72),
(577, 'Puzzle 745', 7, 409, 1012.66),
(578, 'Cinta de correr 555', 6, 157, 127.24),
(579, 'Bufanda 425', 2, 173, 1058.75),
(580, 'Mesa 364', 4, 44, 1047.17),
(581, 'Leche 401', 5, 125, 36.99),
(582, 'Patines 209', 6, 93, 613.17),
(583, 'Bicicleta 952', 6, 97, 511.37),
(584, 'Pesas 977', 6, 434, 1332.07),
(585, 'Mesa 564', 4, 20, 678.75),
(586, 'Pesas 118', 6, 423, 19.15),
(587, 'Pelota 801', 7, 144, 566.97),
(588, 'Pasta 987', 5, 39, 1124.38),
(589, 'Smartphone 748', 1, 61, 1126.95),
(590, 'Cinta de correr 373', 6, 255, 1354.11),
(591, 'Mesa 846', 4, 91, 67.53),
(592, 'Biografía 186', 8, 237, 335.42),
(593, 'Diccionario 934', 8, 15, 1239.32),
(594, 'Pantalón 152', 2, 120, 954.25),
(595, 'Smartphone 599', 1, 119, 1222.52),
(596, 'Gorra 893', 2, 99, 1285.98),
(597, 'Monitor 649', 3, 370, 68.38),
(598, 'Drone infantil 442', 7, 462, 416.09),
(599, 'Bufanda 450', 2, 8, 462.33),
(600, 'Silla 823', 4, 52, 726.79),
(601, 'Pantalón 460', 2, 49, 777.45),
(602, 'Cojín 504', 4, 396, 378.06),
(603, 'Smartphone 477', 1, 392, 187.21),
(604, 'Novela 646', 8, 370, 1010.35),
(605, 'Altavoz 331', 1, 23, 1359.75),
(606, 'Portátil 633', 3, 31, 1496.52),
(607, 'Cojín 257', 4, 420, 585.39),
(608, 'Televisor 518', 1, 112, 567.05),
(609, 'Novela 560', 8, 181, 556.12),
(610, 'Pesas 240', 6, 159, 686.13),
(611, 'Diccionario 961', 8, 191, 1047.00),
(612, 'Cama 445', 4, 39, 1448.09),
(613, 'Patines 808', 6, 325, 541.80),
(614, 'Bufanda 721', 2, 155, 498.99),
(615, 'Armario 647', 4, 188, 1198.70),
(616, 'Mesa 197', 4, 318, 1187.80),
(617, 'Tablet 577', 1, 100, 1162.54),
(618, 'Camiseta 286', 2, 433, 1469.12),
(619, 'Café 893', 5, 335, 780.80),
(620, 'Altavoz 113', 1, 5, 1227.32),
(621, 'Pelota 175', 7, 186, 992.57),
(622, 'Ensayo 817', 8, 482, 6.46),
(623, 'Pelota 695', 7, 137, 525.39),
(624, 'Cojín 349', 4, 360, 1096.28),
(625, 'Silla 703', 4, 468, 1075.89),
(626, 'Café 561', 5, 435, 1294.91),
(627, 'Tablet 673', 1, 211, 1266.41),
(628, 'Lámpara 934', 4, 480, 1299.65),
(629, 'Chaqueta 443', 2, 443, 473.48),
(630, 'Cámara 967', 1, 399, 5.14),
(631, 'Zapatos 752', 2, 237, 1209.49),
(632, 'Arroz 818', 5, 371, 1043.01),
(633, 'Pesas 644', 6, 7, 500.15),
(634, 'Biografía 837', 8, 390, 467.61),
(635, 'Armario 353', 4, 136, 1203.78),
(636, 'Ensayo 785', 8, 368, 1049.47),
(637, 'Pelota 463', 7, 137, 25.74),
(638, 'Coche de juguete 861', 7, 123, 638.08),
(639, 'Impresora 301', 3, 89, 1344.44),
(640, 'Pesas 180', 6, 34, 232.27),
(641, 'Pelota 993', 7, 322, 381.41),
(642, 'Pasta 112', 5, 70, 1144.81),
(643, 'Puzzle 333', 7, 467, 1040.55),
(644, 'Lámpara 729', 4, 103, 580.83),
(645, 'Teclado 475', 3, 131, 1143.77),
(646, 'Muñeca 465', 7, 56, 209.30),
(647, 'Cómic 832', 8, 4, 490.67),
(648, 'Pasta 567', 5, 76, 1278.51),
(649, 'Zapatos 812', 2, 264, 505.82),
(650, 'Monitor 269', 3, 366, 486.20),
(651, 'Teclado 313', 3, 132, 244.60),
(652, 'Teclado 704', 3, 137, 228.05),
(653, 'Bufanda 330', 2, 448, 1432.92),
(654, 'Silla 839', 4, 3, 417.89),
(655, 'Bicicleta 171', 6, 306, 62.47),
(656, 'Altavoz 120', 1, 340, 1181.02),
(657, 'Lámpara 664', 4, 191, 1162.57),
(658, 'Cama 391', 4, 355, 1046.00),
(659, 'Cómic 951', 8, 364, 488.52),
(660, 'Cámara 457', 1, 106, 346.28),
(661, 'Televisor 655', 1, 289, 278.76),
(662, 'Mesa 413', 4, 277, 1297.11),
(663, 'Portátil 315', 3, 431, 722.91),
(664, 'Lego 236', 7, 439, 243.40),
(665, 'Altavoz 334', 1, 273, 408.65),
(666, 'Mesa 171', 4, 228, 213.02),
(667, 'Mesa 907', 4, 62, 35.15),
(668, 'Cama 278', 4, 327, 623.10),
(669, 'Ensayo 729', 8, 120, 755.31),
(670, 'Balón 150', 6, 50, 219.39),
(671, 'Puzzle 658', 7, 477, 1311.63),
(672, 'Bufanda 275', 2, 276, 57.79),
(673, 'Portátil 753', 3, 117, 1277.03),
(674, 'Zapatos 742', 2, 328, 312.01),
(675, 'Cámara 687', 1, 21, 846.90),
(676, 'Novela 833', 8, 63, 335.34),
(677, 'Teclado 225', 3, 448, 1326.74),
(678, 'Auriculares 613', 1, 251, 995.70),
(679, 'Televisor 426', 1, 222, 1217.49),
(680, 'Drone infantil 183', 7, 397, 1282.77),
(681, 'Café 270', 5, 439, 1039.82),
(682, 'Silla 624', 4, 123, 1001.62),
(683, 'Manual 866', 8, 14, 47.27),
(684, 'Cama 671', 4, 285, 1345.74),
(685, 'Smartphone 362', 1, 315, 1251.70),
(686, 'Pelota 689', 7, 38, 1414.82),
(687, 'Biografía 338', 8, 249, 1446.80),
(688, 'Disco Duro 749', 3, 163, 984.12),
(689, 'Biografía 413', 8, 293, 529.49),
(690, 'Muñeca 505', 7, 93, 301.81),
(691, 'Ratón 310', 3, 208, 1485.67),
(692, 'Cereal 922', 5, 374, 680.73),
(693, 'Aceite 248', 5, 189, 629.60),
(694, 'Novela 229', 8, 313, 941.89),
(695, 'Televisor 841', 1, 231, 1293.37),
(696, 'Raqueta 122', 6, 349, 171.40),
(697, 'Ratón 952', 3, 124, 1328.74),
(698, 'Bicicleta 527', 6, 146, 670.69),
(699, 'Ratón 136', 3, 69, 1071.04),
(700, 'Ensayo 637', 8, 48, 439.29),
(701, 'Mesa 844', 4, 271, 366.10),
(702, 'Zapatos 119', 2, 126, 1290.02),
(703, 'Monitor 304', 3, 465, 276.74),
(704, 'Camiseta 599', 2, 496, 385.55),
(705, 'Manual 720', 8, 14, 385.86),
(706, 'Raqueta 384', 6, 366, 593.10),
(707, 'Arroz 365', 5, 39, 414.03),
(708, 'Mesa 630', 4, 228, 1172.76),
(709, 'Armario 478', 4, 265, 373.18),
(710, 'Auriculares 526', 1, 56, 647.89),
(711, 'Leche 972', 5, 95, 550.84),
(712, 'Biografía 955', 8, 176, 104.04),
(713, 'Cómic 121', 8, 150, 402.22),
(714, 'Novela 797', 8, 49, 1035.94),
(715, 'Drone infantil 988', 7, 131, 813.61),
(716, 'Mesa 305', 4, 298, 16.69),
(717, 'Mesa 945', 4, 474, 301.22),
(718, 'Pasta 411', 5, 237, 1248.70),
(719, 'Coche de juguete 538', 7, 484, 192.84),
(720, 'Teclado 394', 3, 154, 700.39),
(721, 'Cómic 204', 8, 225, 96.69),
(722, 'Leche 685', 5, 133, 1236.24),
(723, 'Cojín 582', 4, 158, 734.29),
(724, 'Muñeca 275', 7, 359, 567.09),
(725, 'Zapatos 100', 2, 174, 871.10),
(726, 'Cojín 516', 4, 438, 1201.78),
(727, 'Tablet 227', 1, 108, 424.69),
(728, 'Camiseta 228', 2, 420, 416.95),
(729, 'Patines 282', 6, 490, 1107.34),
(730, 'Raqueta 206', 6, 130, 1448.64),
(731, 'Diccionario 191', 8, 275, 1274.69),
(732, 'Coche de juguete 678', 7, 478, 1375.61),
(733, 'Raqueta 406', 6, 383, 1327.97),
(734, 'Silla 884', 4, 76, 1305.25),
(735, 'Mesa 815', 4, 407, 1478.89),
(736, 'Ensayo 363', 8, 232, 251.55),
(737, 'Lego 540', 7, 443, 1494.84),
(738, 'Monitor 717', 3, 435, 1249.64),
(739, 'Cómic 536', 8, 255, 261.83),
(740, 'Teclado 794', 3, 241, 351.20),
(741, 'Camiseta 795', 2, 498, 1089.37),
(742, 'Bufanda 170', 2, 258, 715.70),
(743, 'Manual 851', 8, 390, 1494.44),
(744, 'Silla 856', 4, 431, 1353.64),
(745, 'Disco Duro 360', 3, 105, 1320.74),
(746, 'Impresora 374', 3, 75, 359.02),
(747, 'Balón 686', 6, 122, 846.82),
(748, 'Ratón 451', 3, 243, 1017.75),
(749, 'Puzzle 700', 7, 329, 813.74),
(750, 'Silla 696', 4, 166, 772.27),
(751, 'Raqueta 670', 6, 483, 1368.45),
(752, 'Bicicleta 281', 6, 303, 1458.61),
(753, 'Monitor 744', 3, 473, 914.94),
(754, 'Aceite 143', 5, 130, 402.71),
(755, 'Smartphone 734', 1, 67, 787.96),
(756, 'Leche 285', 5, 249, 111.73),
(757, 'Novela 106', 8, 29, 358.78),
(758, 'Manual 703', 8, 375, 1438.45),
(759, 'Auriculares 547', 1, 296, 398.20),
(760, 'Lego 367', 7, 101, 1494.48),
(761, 'Diccionario 187', 8, 128, 1168.67),
(762, 'Manual 154', 8, 438, 366.39),
(763, 'Armario 128', 4, 419, 1493.46),
(764, 'Chaqueta 877', 2, 454, 900.88),
(765, 'Zapatos 140', 2, 214, 691.94),
(766, 'Puzzle 192', 7, 37, 1372.42),
(767, 'Teclado 956', 3, 324, 1459.37),
(768, 'Armario 249', 4, 22, 937.76),
(769, 'Mesa 669', 4, 265, 138.84),
(770, 'Cámara 821', 1, 370, 1130.87),
(771, 'Silla 182', 4, 217, 876.35),
(772, 'Teclado 486', 3, 163, 274.28),
(773, 'Pelota 992', 7, 240, 92.57),
(774, 'Zapatos 352', 2, 225, 699.76),
(775, 'Ratón 388', 3, 255, 19.28),
(776, 'Cámara 608', 1, 124, 804.25),
(777, 'Lámpara 921', 4, 149, 728.40),
(778, 'Altavoz 548', 1, 237, 1473.53),
(779, 'Cómic 430', 8, 292, 1292.79),
(780, 'Cómic 537', 8, 32, 5.60),
(781, 'Silla 330', 4, 376, 647.52),
(782, 'Camiseta 743', 2, 450, 1173.46),
(783, 'Cereal 815', 5, 36, 357.80),
(784, 'Chaqueta 709', 2, 334, 696.71),
(785, 'Zapatos 357', 2, 86, 224.13),
(786, 'Raqueta 580', 6, 248, 733.34),
(787, 'Zapatos 766', 2, 460, 375.23),
(788, 'Drone infantil 121', 7, 34, 858.20),
(789, 'Disco Duro 423', 3, 371, 861.97),
(790, 'Gorra 468', 2, 24, 771.23),
(791, 'Balón 714', 6, 454, 854.60),
(792, 'Coche de juguete 150', 7, 460, 290.50),
(793, 'Patines 519', 6, 421, 979.31),
(794, 'Leche 600', 5, 225, 905.86),
(795, 'Camiseta 442', 2, 370, 936.54),
(796, 'Ensayo 425', 8, 412, 409.21),
(797, 'Televisor 256', 1, 350, 1088.85),
(798, 'Leche 683', 5, 396, 253.69),
(799, 'Lámpara 445', 4, 318, 1151.23),
(800, 'Cojín 478', 4, 111, 64.06),
(801, 'Drone infantil 411', 7, 397, 125.45),
(802, 'Altavoz 321', 1, 18, 1182.53),
(803, 'Diccionario 160', 8, 361, 613.49),
(804, 'Bicicleta 127', 6, 45, 531.58),
(805, 'Cámara 310', 1, 125, 1441.31),
(806, 'Cómic 556', 8, 150, 1062.23),
(807, 'Chaqueta 598', 2, 294, 1238.44),
(808, 'Monitor 154', 3, 189, 956.78),
(809, 'Bufanda 567', 2, 298, 1208.21),
(810, 'Cojín 714', 4, 91, 970.23),
(811, 'Aceite 815', 5, 216, 124.33),
(812, 'Novela 105', 8, 235, 455.01),
(813, 'Diccionario 907', 8, 53, 1430.92),
(814, 'Puzzle 264', 7, 92, 650.12),
(815, 'Muñeca 560', 7, 1, 374.00),
(816, 'Raqueta 675', 6, 65, 1178.84),
(817, 'Cereal 924', 5, 155, 1317.55),
(818, 'Leche 149', 5, 429, 1226.03),
(819, 'Cereal 309', 5, 322, 1149.62),
(820, 'Chaqueta 960', 2, 180, 1051.82),
(821, 'Ensayo 534', 8, 412, 411.73),
(822, 'Biografía 848', 8, 61, 535.01),
(823, 'Cámara 832', 1, 243, 1247.25),
(824, 'Tablet 507', 1, 297, 1254.22),
(825, 'Cinta de correr 545', 6, 371, 1430.12),
(826, 'Televisor 623', 1, 84, 1108.99),
(827, 'Raqueta 193', 6, 315, 941.92),
(828, 'Leche 504', 5, 400, 1020.64),
(829, 'Chaqueta 321', 2, 247, 1471.43),
(830, 'Pelota 193', 7, 344, 922.68),
(831, 'Raqueta 425', 6, 171, 977.71),
(832, 'Ratón 946', 3, 94, 1298.79),
(833, 'Zapatos 750', 2, 229, 1225.68),
(834, 'Gorra 961', 2, 73, 1145.68),
(835, 'Bicicleta 599', 6, 212, 521.02),
(836, 'Cojín 699', 4, 117, 1365.25),
(837, 'Ratón 202', 3, 125, 583.61),
(838, 'Cereal 762', 5, 136, 248.27),
(839, 'Raqueta 305', 6, 205, 536.62),
(840, 'Smartphone 873', 1, 369, 143.88),
(841, 'Coche de juguete 129', 7, 209, 1495.35),
(842, 'Cama 695', 4, 341, 629.88),
(843, 'Novela 708', 8, 240, 244.58),
(844, 'Aceite 823', 5, 449, 1021.12),
(845, 'Ensayo 450', 8, 23, 1211.59),
(846, 'Camiseta 868', 2, 393, 199.87),
(847, 'Lámpara 959', 4, 386, 918.54),
(848, 'Manual 221', 8, 217, 169.67),
(849, 'Cinta de correr 835', 6, 199, 1217.30),
(850, 'Cereal 493', 5, 37, 1192.05),
(851, 'Cómic 325', 8, 454, 124.38),
(852, 'Smartphone 158', 1, 449, 170.39),
(853, 'Pasta 681', 5, 423, 566.90),
(854, 'Disco Duro 725', 3, 208, 1072.14),
(855, 'Patines 830', 6, 166, 991.22),
(856, 'Lego 770', 7, 71, 1123.11),
(857, 'Raqueta 371', 6, 216, 791.36),
(858, 'Puzzle 911', 7, 281, 65.58),
(859, 'Ratón 911', 3, 463, 636.18),
(860, 'Smartphone 282', 1, 428, 929.63),
(861, 'Cinta de correr 169', 6, 435, 612.04),
(862, 'Lego 528', 7, 350, 488.73),
(863, 'Altavoz 960', 1, 218, 196.52),
(864, 'Armario 960', 4, 467, 312.06),
(865, 'Raqueta 251', 6, 104, 539.01),
(866, 'Biografía 673', 8, 221, 339.98),
(867, 'Cama 186', 4, 1, 457.02),
(868, 'Camiseta 203', 2, 160, 650.38),
(869, 'Cámara 952', 1, 456, 1111.53),
(870, 'Raqueta 869', 6, 196, 34.05),
(871, 'Drone infantil 259', 7, 107, 1255.20),
(872, 'Puzzle 863', 7, 338, 1491.58),
(873, 'Impresora 310', 3, 119, 909.39),
(874, 'Raqueta 656', 6, 336, 1102.50),
(875, 'Cojín 353', 4, 96, 267.06),
(876, 'Arroz 107', 5, 262, 841.06),
(877, 'Drone infantil 865', 7, 231, 255.56),
(878, 'Televisor 854', 1, 469, 858.59),
(879, 'Cojín 248', 4, 189, 1499.04),
(880, 'Cinta de correr 152', 6, 121, 1269.32),
(881, 'Impresora 874', 3, 14, 1198.40),
(882, 'Arroz 486', 5, 372, 1038.34),
(883, 'Silla 764', 4, 365, 407.78),
(884, 'Chaqueta 179', 2, 31, 186.55),
(885, 'Diccionario 309', 8, 474, 424.94),
(886, 'Cama 616', 4, 431, 144.07),
(887, 'Bufanda 185', 2, 26, 1369.90),
(888, 'Lego 463', 7, 410, 844.42),
(889, 'Cinta de correr 668', 6, 286, 618.78),
(890, 'Zapatos 247', 2, 223, 750.37),
(891, 'Balón 703', 6, 340, 128.68),
(892, 'Lámpara 829', 4, 345, 1027.66),
(893, 'Lego 755', 7, 115, 707.28),
(894, 'Arroz 840', 5, 298, 704.53),
(895, 'Ratón 766', 3, 368, 103.57),
(896, 'Cama 930', 4, 72, 1417.54),
(897, 'Impresora 639', 3, 336, 604.08),
(898, 'Raqueta 306', 6, 115, 931.46),
(899, 'Cinta de correr 717', 6, 278, 739.47),
(900, 'Cámara 904', 1, 233, 1483.77),
(901, 'Monitor 536', 3, 124, 1193.27),
(902, 'Ratón 573', 3, 455, 1405.95),
(903, 'Zapatos 874', 2, 385, 859.67),
(904, 'Arroz 131', 5, 435, 196.75),
(905, 'Pasta 403', 5, 357, 1392.20),
(906, 'Café 143', 5, 46, 244.55),
(907, 'Cámara 243', 1, 172, 545.40),
(908, 'Mesa 178', 4, 108, 1447.89),
(909, 'Cómic 605', 8, 165, 1441.56),
(910, 'Televisor 334', 1, 352, 552.58),
(911, 'Cámara 391', 1, 76, 633.47),
(912, 'Arroz 776', 5, 192, 975.61),
(913, 'Diccionario 701', 8, 307, 528.63),
(914, 'Biografía 153', 8, 410, 365.88),
(915, 'Teclado 834', 3, 123, 925.09),
(916, 'Leche 769', 5, 389, 1484.25),
(917, 'Lámpara 840', 4, 153, 625.27),
(918, 'Puzzle 899', 7, 62, 603.76),
(919, 'Biografía 404', 8, 66, 1410.69),
(920, 'Leche 568', 5, 169, 413.83),
(921, 'Puzzle 820', 7, 343, 59.66),
(922, 'Pasta 849', 5, 119, 634.99),
(923, 'Pesas 373', 6, 2, 854.39),
(924, 'Portátil 959', 3, 248, 211.00),
(925, 'Silla 608', 4, 192, 1296.11),
(926, 'Leche 702', 5, 15, 1029.34),
(927, 'Bicicleta 297', 6, 355, 1166.54),
(928, 'Tablet 342', 1, 412, 764.94),
(929, 'Cómic 175', 8, 204, 802.15),
(930, 'Diccionario 509', 8, 231, 370.87),
(931, 'Cómic 622', 8, 218, 808.28),
(932, 'Televisor 584', 1, 444, 615.99),
(933, 'Monitor 587', 3, 171, 402.61),
(934, 'Tablet 513', 1, 72, 19.77),
(935, 'Manual 450', 8, 422, 1334.86),
(936, 'Ensayo 679', 8, 364, 447.18),
(937, 'Café 307', 5, 333, 1135.79),
(938, 'Puzzle 405', 7, 278, 1028.61),
(939, 'Diccionario 955', 8, 297, 508.60),
(940, 'Raqueta 881', 6, 96, 1007.94),
(941, 'Pasta 420', 5, 157, 967.17),
(942, 'Cómic 786', 8, 352, 803.38),
(943, 'Armario 661', 4, 160, 1180.22),
(944, 'Chaqueta 985', 2, 380, 1019.88),
(945, 'Portátil 790', 3, 349, 1339.93),
(946, 'Auriculares 142', 1, 465, 698.80),
(947, 'Bicicleta 500', 6, 344, 1236.46),
(948, 'Disco Duro 375', 3, 79, 355.30),
(949, 'Televisor 979', 1, 277, 589.25),
(950, 'Pantalón 918', 2, 212, 1260.07),
(951, 'Teclado 258', 3, 350, 466.88),
(952, 'Diccionario 258', 8, 230, 422.01),
(953, 'Bufanda 857', 2, 423, 1499.86),
(954, 'Lámpara 615', 4, 32, 377.89),
(955, 'Pelota 320', 7, 380, 674.65),
(956, 'Leche 291', 5, 245, 1017.26),
(957, 'Bicicleta 976', 6, 143, 82.69),
(958, 'Camiseta 943', 2, 220, 172.55),
(959, 'Puzzle 709', 7, 296, 1077.81),
(960, 'Café 581', 5, 404, 332.28),
(961, 'Altavoz 959', 1, 200, 1418.86),
(962, 'Chaqueta 602', 2, 115, 373.97),
(963, 'Portátil 662', 3, 44, 365.71),
(964, 'Biografía 907', 8, 449, 136.94),
(965, 'Tablet 541', 1, 40, 538.90),
(966, 'Silla 901', 4, 348, 780.33),
(967, 'Televisor 832', 1, 1, 302.23),
(968, 'Lámpara 527', 4, 447, 134.82),
(969, 'Pantalón 914', 2, 72, 514.44),
(970, 'Cama 834', 4, 90, 767.10),
(971, 'Auriculares 414', 1, 286, 1000.95),
(972, 'Coche de juguete 428', 7, 166, 931.49),
(973, 'Cereal 558', 5, 133, 1374.35),
(974, 'Teclado 886', 3, 75, 576.92),
(975, 'Muñeca 266', 7, 378, 289.42),
(976, 'Disco Duro 237', 3, 249, 1490.36),
(977, 'Pasta 554', 5, 343, 131.35),
(978, 'Drone infantil 396', 7, 292, 511.01),
(979, 'Bufanda 396', 2, 192, 502.41),
(980, 'Cojín 303', 4, 392, 1325.67),
(981, 'Leche 582', 5, 399, 131.51),
(982, 'Disco Duro 386', 3, 12, 968.22),
(983, 'Gorra 891', 2, 258, 1239.18),
(984, 'Televisor 676', 1, 168, 635.13),
(985, 'Teclado 815', 3, 245, 942.38),
(986, 'Monitor 402', 3, 500, 495.81),
(987, 'Altavoz 903', 1, 70, 257.14),
(988, 'Puzzle 534', 7, 463, 67.40),
(989, 'Disco Duro 418', 3, 436, 1236.72);

--
-- Índices para tablas volcadas
--

--
-- Indices de la tabla `categorias`
--
ALTER TABLE `categorias`
  ADD PRIMARY KEY (`id`),
  ADD UNIQUE KEY `nombre` (`nombre`);

--
-- Indices de la tabla `movimientos`
--
ALTER TABLE `movimientos`
  ADD PRIMARY KEY (`id`),
  ADD KEY `idx_tipo` (`tipo`),
  ADD KEY `idx_producto_mov` (`id_producto`);

--
-- Indices de la tabla `productos`
--
ALTER TABLE `productos`
  ADD PRIMARY KEY (`id`),
  ADD KEY `categoria_id` (`categoria_id`);

--
-- AUTO_INCREMENT de las tablas volcadas
--

--
-- AUTO_INCREMENT de la tabla `categorias`
--
ALTER TABLE `categorias`
  MODIFY `id` int(11) NOT NULL AUTO_INCREMENT, AUTO_INCREMENT=9;

--
-- AUTO_INCREMENT de la tabla `movimientos`
--
ALTER TABLE `movimientos`
  MODIFY `id` int(11) NOT NULL AUTO_INCREMENT, AUTO_INCREMENT=102;

--
-- AUTO_INCREMENT de la tabla `productos`
--
ALTER TABLE `productos`
  MODIFY `id` int(11) NOT NULL AUTO_INCREMENT;

--
-- Restricciones para tablas volcadas
--

--
-- Filtros para la tabla `movimientos`
--
ALTER TABLE `movimientos`
  ADD CONSTRAINT `movimientos_ibfk_1` FOREIGN KEY (`id_producto`) REFERENCES `productos` (`id`);

--
-- Filtros para la tabla `productos`
--
ALTER TABLE `productos`
  ADD CONSTRAINT `productos_ibfk_1` FOREIGN KEY (`categoria_id`) REFERENCES `categorias` (`id`) ON DELETE CASCADE;
COMMIT;

/*!40101 SET CHARACTER_SET_CLIENT=@OLD_CHARACTER_SET_CLIENT */;
/*!40101 SET CHARACTER_SET_RESULTS=@OLD_CHARACTER_SET_RESULTS */;
/*!40101 SET COLLATION_CONNECTION=@OLD_COLLATION_CONNECTION */;
